review_id,date,rating,review
HO-10011,2026-03-02,1,Packaging was crushed and the bookshelf was split. Clearly packed badly.
HO-10097,2026-03-02,2,One of the chair legs was cracked in the box for the desk. Clearly packed badly.
HO-10454,2026-03-02,2,Tracking said out for delivery for 3 days straight for the bed frame. The table itself is fine once it finally arrived.
HO-10619,2026-03-02,4,"Great sale prices, saved a lot on the sofa for the dining table. Not sure it is worth full price."
HO-10815,2026-03-02,1,Had to chase my refund 3 times by email. Not good enough.
HO-10855,2026-03-02,1,Delivery was delayed 8 times without any warning. I had to take another day off work.
HO-11269,2026-03-02,3,Good value for solid wood furniture for the sofa. Happy overall.
HO-11370,2026-03-02,1,The app crashes every time I open my basket for the sofa. Had to order on a laptop instead.
HO-10039,2026-03-03,4,"Lovely craftsmanship on the desk, no wobble at all. Exactly like the photos."
HO-10212,2026-03-03,2,Had to chase my refund 5 times by email. Not good enough.
HO-10291,2026-03-03,1,Waited all day at home and the van never came for the desk. Nobody told me why.
HO-10333,2026-03-03,5,"Lovely craftsmanship on the desk, no wobble at all for the sofa. Friends keep asking where it is from."
HO-10358,2026-03-03,2,Glass top of the coffee table was shattered on arrival for the chest of drawers. Still waiting for a replacement part.
HO-10718,2026-03-03,5,The bed frame feels solid and well made for the sofa. Would buy again.
HO-11220,2026-03-03,4,Good value for solid wood furniture for the sideboard. Would recommend.
HO-10037,2026-03-04,3,Assembly was easy and took about an hour for the desk. Would pay for assembly next time.
HO-10063,2026-03-04,1,The courier missed the delivery slot twice. Please sort out your delivery partner.
HO-10676,2026-03-04,4,Sarah in customer care was incredibly helpful for the chest of drawers. Great service.
HO-10807,2026-03-04,3,"Clear instructions, the bed went together quickly for the chest of drawers. Fine in the end."
HO-10990,2026-03-04,3,Support answered my email within an hour for the bookcase. Made up for the earlier problem.
HO-11309,2026-03-04,2,Still waiting for my refund after 2 weeks. Not good enough.
HO-10050,2026-03-05,2,Had to chase my refund 7 times by email for the sideboard. Very poor.
HO-10197,2026-03-05,5,The bed frame feels solid and well made. Worth every penny.
HO-10359,2026-03-05,1,Delivery was delayed 2 times without any warning. Please sort out your delivery partner.
HO-10423,2026-03-05,3,A few screws were missing from the assembly pack for the armchair. Fine in the end.
HO-10441,2026-03-05,1,Checkout on the app keeps freezing at payment for the bed frame. Very annoying.
HO-10484,2026-03-05,1,Had to chase my refund 6 times by email. I will not order again.
HO-10599,2026-03-05,4,"Great sale prices, saved a lot on the sofa for the chest of drawers. Would recommend."
HO-10634,2026-03-05,4,Support answered my email within an hour for the bed frame. Really reassuring.
HO-10684,2026-03-05,3,Still waiting for my refund after 3 weeks for the sofa. Not good enough.
HO-11155,2026-03-05,2,Took 6 hours to put together the wardrobe for the bookcase. Needed two people.
HO-11236,2026-03-05,3,Still waiting for my refund after 7 weeks for the sofa. Not good enough.
HO-11259,2026-03-05,2,Estimated delivery kept moving back week after week for the sofa. Really frustrating experience.
HO-10168,2026-03-06,4,"Lovely craftsmanship on the desk, no wobble at all for the armchair. Worth every penny."
HO-10353,2026-03-06,1,My order arrived 4 days later than promised. The table itself is fine once it finally arrived.
HO-10787,2026-03-06,1,The courier missed the delivery slot twice for the wardrobe. Really frustrating experience.
HO-10883,2026-03-06,2,My order arrived 7 days later than promised. Nobody told me why.
HO-11050,2026-03-06,3,Estimated delivery kept moving back week after week for the coffee table. Really frustrating experience.
HO-11211,2026-03-06,4,Good value for solid wood furniture for the wardrobe. Happy overall.
HO-11279,2026-03-06,2,Tracking said out for delivery for 7 days straight. The table itself is fine once it finally arrived.
HO-11376,2026-03-06,1,My order arrived 6 days later than promised for the dining table. Nobody told me why.
HO-10260,2026-03-07,2,Website kept showing an error when I tried to pay for the chest of drawers. Had to order on a laptop instead.
HO-10507,2026-03-07,2,App logged me out and lost my saved items for the wardrobe. Had to order on a laptop instead.
HO-10609,2026-03-07,1,Tracking said out for delivery for 5 days straight for the sideboard. I had to take another day off work.
HO-10637,2026-03-07,2,The app crashes every time I open my basket for the dining table. Had to order on a laptop instead.
HO-10663,2026-03-07,4,The support team were friendly and quick to reply for the armchair. Made up for the earlier problem.
HO-10717,2026-03-07,2,It took 5 weeks to arrive when the site said 5 days for the sofa. Please sort out your delivery partner.
HO-10757,2026-03-07,1,Had to chase my refund 3 times by email. Eventually sorted but it took far too long.
HO-10983,2026-03-07,3,"Clear instructions, the bed went together quickly for the bookcase. Would pay for assembly next time."
HO-11248,2026-03-07,2,It took 4 weeks to arrive when the site said 5 days for the sideboard. Please sort out your delivery partner.
HO-10175,2026-03-08,2,Delivery was delayed 5 times without any warning for the bookcase. Please sort out your delivery partner.
HO-10574,2026-03-08,2,Glass top of the coffee table was shattered on arrival for the dining table. I had to send it back.
HO-10779,2026-03-08,2,Drawer front was chipped right out of the box for the dining table. Very disappointing for the price.
HO-11113,2026-03-08,1,Drawer front was chipped right out of the box for the wardrobe. Very disappointing for the price.
HO-11116,2026-03-08,4,Sarah in customer care was incredibly helpful for the bed frame. Great service.
HO-11304,2026-03-08,5,Live chat agent arranged a replacement the same day for the wardrobe. Really reassuring.
HO-11382,2026-03-08,2,Website kept showing an error when I tried to pay for the sofa. Gave up and called instead.
HO-11392,2026-03-08,1,Delivery was delayed 5 times without any warning for the coffee table. Nobody told me why.
HO-10132,2026-03-09,1,One of the chair legs was cracked in the box. Still waiting for a replacement part.
HO-10155,2026-03-09,4,The support team were friendly and quick to reply. Really reassuring.
HO-10368,2026-03-09,1,The sofa arrived with a torn cushion for the coffee table. Very disappointing for the price.
HO-10512,2026-03-09,1,The app crashes every time I open my basket for the coffee table. Please fix the app.
HO-10799,2026-03-09,2,Delivery was delayed 3 times without any warning for the bookcase. The table itself is fine once it finally arrived.
HO-10955,2026-03-09,5,Customer service sorted my problem in one call for the bookcase. Great service.
HO-11088,2026-03-09,4,The support team were friendly and quick to reply for the sofa. Really reassuring.
HO-11152,2026-03-09,5,The bed frame feels solid and well made for the bookcase. Friends keep asking where it is from.
HO-11226,2026-03-09,3,Live chat agent arranged a replacement the same day for the dining table. Really reassuring.
HO-11345,2026-03-09,3,Assembly was easy and took about an hour for the bed frame. Fine in the end.
HO-10116,2026-03-10,1,Waited all day at home and the van never came. I had to take another day off work.
HO-10139,2026-03-10,1,Refund took over a month to appear on my card for the sofa. I will not order again.
HO-10146,2026-03-10,1,Glass top of the coffee table was shattered on arrival. I had to send it back.
HO-10241,2026-03-10,2,Assembly was easy and took about an hour for the coffee table. Fine in the end.
HO-10342,2026-03-10,3,Took 9 hours to put together the wardrobe. A video guide would help.
HO-10555,2026-03-10,1,Glass top of the coffee table was shattered on arrival for the wardrobe. I had to send it back.
HO-10643,2026-03-10,4,"Great quality wood, much better than flat pack brands for the wardrobe. Exactly like the photos."
HO-10647,2026-03-10,4,The bookcase is heavy and properly built for the chest of drawers. Worth every penny.
HO-10726,2026-03-10,1,My order arrived 3 days later than promised. The table itself is fine once it finally arrived.
HO-10865,2026-03-10,1,It took 5 weeks to arrive when the site said 5 days for the chest of drawers. Nobody told me why.
HO-10884,2026-03-10,5,Customer service sorted my problem in one call for the desk. Made up for the earlier problem.
HO-10992,2026-03-10,4,"Lovely craftsmanship on the desk, no wobble at all for the bookcase. Friends keep asking where it is from."
HO-10017,2026-03-11,4,Sarah in customer care was incredibly helpful. Really reassuring.
HO-10055,2026-03-11,2,Assembly was easy and took about an hour for the bed frame. Needed two people.
HO-10465,2026-03-11,4,"Beautiful solid oak dining table, really sturdy for the bed frame. Would buy again."
HO-10703,2026-03-11,4,"Beautiful solid oak dining table, really sturdy for the coffee table. Really happy with it."
HO-10742,2026-03-11,2,Delivery was delayed 7 times without any warning. The table itself is fine once it finally arrived.
HO-10743,2026-03-11,2,Checkout on the app keeps freezing at payment for the coffee table. Very annoying.
HO-11129,2026-03-11,5,The bookcase is heavy and properly built for the bookcase. Friends keep asking where it is from.
HO-10138,2026-03-12,2,Waited all day at home and the van never came for the coffee table. Really frustrating experience.
HO-10149,2026-03-12,1,Website kept showing an error when I tried to pay. Very annoying.
HO-10267,2026-03-12,3,The diagrams in the manual did not match the parts. Needed two people.
HO-10405,2026-03-12,1,Tracking said out for delivery for 3 days straight. The table itself is fine once it finally arrived.
HO-10504,2026-03-12,3,Expensive for what you get honestly for the sideboard. Would recommend.
HO-10723,2026-03-12,1,My order arrived 4 days later than promised for the sofa. The table itself is fine once it finally arrived.
HO-10910,2026-03-12,2,My order arrived 4 days later than promised. Please sort out your delivery partner.
HO-10971,2026-03-12,1,Delivery was delayed 4 times without any warning for the bookcase. Really frustrating experience.
HO-10269,2026-03-13,1,Tracking said out for delivery for 4 days straight for the chest of drawers. The table itself is fine once it finally arrived.
HO-10494,2026-03-13,3,Took 8 hours to put together the wardrobe. Fine in the end.
HO-10533,2026-03-13,1,Refund took over a month to appear on my card for the sofa. Eventually sorted but it took far too long.
HO-10646,2026-03-13,5,Sarah in customer care was incredibly helpful for the armchair. Really reassuring.
HO-10871,2026-03-13,2,Delivery was delayed 3 times without any warning. I had to take another day off work.
HO-11163,2026-03-13,4,Customer service sorted my problem in one call for the wardrobe. Really reassuring.
HO-11285,2026-03-13,1,My order arrived 4 days later than promised for the coffee table. I had to take another day off work.
HO-11318,2026-03-13,2,Checkout on the app keeps freezing at payment for the sofa. Very annoying.
HO-10127,2026-03-14,3,Had to chase my refund 7 times by email. Not good enough.
HO-10729,2026-03-14,5,"Lovely craftsmanship on the desk, no wobble at all for the dining table. Worth every penny."
HO-10866,2026-03-14,1,Had to chase my refund 8 times by email for the chest of drawers. Very poor.
HO-10916,2026-03-14,4,Prices are fair compared to the high street for the sideboard. Would recommend.
HO-10969,2026-03-14,1,My order arrived 4 days later than promised for the dining table. Please sort out your delivery partner.
HO-11175,2026-03-14,4,The bed frame feels solid and well made for the coffee table. Friends keep asking where it is from.
HO-10243,2026-03-15,3,Live chat agent arranged a replacement the same day. Made up for the earlier problem.
HO-10499,2026-03-15,1,The courier missed the delivery slot twice for the desk. Nobody told me why.
HO-10604,2026-03-15,2,They charged a restocking fee nobody mentioned for the bookcase. I will not order again.
HO-10941,2026-03-15,5,"Very comfortable sofa, the fabric feels premium for the dining table. Really happy with it."
HO-10956,2026-03-15,4,"Gorgeous finish on the sideboard, looks expensive for the bookcase. Really happy with it."
HO-11130,2026-03-15,2,Returned the chair but the refund never came through for the sideboard. Very poor.
HO-11281,2026-03-15,3,Took 5 hours to put together the wardrobe. A video guide would help.
HO-10083,2026-03-16,3,Support answered my email within an hour. Really reassuring.
HO-10356,2026-03-16,1,My order arrived 6 days later than promised. Nobody told me why.
HO-10701,2026-03-16,4,The support team were friendly and quick to reply for the bookcase. Could not ask for more.
HO-11396,2026-03-16,4,"Beautiful solid oak dining table, really sturdy for the bookcase. Exactly like the photos."
HO-10126,2026-03-17,1,The wardrobe door came scratched and dented for the coffee table. I had to send it back.
HO-10133,2026-03-17,1,Packaging was crushed and the bookshelf was split for the sideboard. Clearly packed badly.
HO-10352,2026-03-17,3,Customer service sorted my problem in one call. Could not ask for more.
HO-10467,2026-03-17,2,Returned the chair but the refund never came through for the desk. I will not order again.
HO-10489,2026-03-17,2,Assembly instructions were confusing and missing steps for the sofa. Fine in the end.
HO-11333,2026-03-17,1,The app crashed during checkout and charged me twice for the sofa. Gave up and called instead.
HO-10003,2026-03-18,1,Delivery was delayed 5 times without any warning. The table itself is fine once it finally arrived.
HO-10153,2026-03-18,4,Bit pricey but the quality justifies it. Would recommend.
HO-10185,2026-03-18,1,The sofa arrived with a torn cushion for the bookcase. Still waiting for a replacement part.
HO-10187,2026-03-18,4,Took 7 hours to put together the wardrobe for the bookcase. Needed two people.
HO-10414,2026-03-18,1,They charged a restocking fee nobody mentioned for the wardrobe. Very poor.
HO-10685,2026-03-18,1,Checkout on the app keeps freezing at payment for the bookcase. Gave up and called instead.
HO-11009,2026-03-18,1,One of the chair legs was cracked in the box for the bookcase. I had to send it back.
HO-11055,2026-03-18,3,Assembly instructions were confusing and missing steps for the desk. Fine in the end.
HO-10156,2026-03-19,1,Website kept showing an error when I tried to pay. Gave up and called instead.
HO-10286,2026-03-19,5,The bed frame feels solid and well made for the sideboard. Really happy with it.
HO-10347,2026-03-19,2,Assembly instructions were confusing and missing steps for the bed frame. Would pay for assembly next time.
HO-10385,2026-03-19,4,Sarah in customer care was incredibly helpful for the bookcase. Great service.
HO-10447,2026-03-19,5,Prices are fair compared to the high street for the dining table. Keep an eye on the sales.
HO-10628,2026-03-19,5,The bed frame feels solid and well made for the wardrobe. Really happy with it.
HO-10644,2026-03-19,2,Website kept showing an error when I tried to pay for the wardrobe. Had to order on a laptop instead.
HO-10660,2026-03-19,2,The diagrams in the manual did not match the parts for the coffee table. A video guide would help.
HO-10980,2026-03-19,3,"Great sale prices, saved a lot on the sofa for the sideboard. Would recommend."
HO-11274,2026-03-19,1,Glass top of the coffee table was shattered on arrival for the bed frame. I had to send it back.
HO-10087,2026-03-20,3,Assembly instructions were confusing and missing steps. Would pay for assembly next time.
HO-10135,2026-03-20,1,Delivery was delayed 5 times without any warning. Nobody told me why.
HO-10256,2026-03-20,5,Live chat agent arranged a replacement the same day for the coffee table. Could not ask for more.
HO-10567,2026-03-20,2,Website kept showing an error when I tried to pay for the sofa. Please fix the app.
HO-10966,2026-03-20,1,My order arrived 5 days later than promised. The table itself is fine once it finally arrived.
HO-11196,2026-03-20,1,Had to chase my refund 5 times by email. Very poor.
HO-11310,2026-03-20,2,The sofa arrived with a torn cushion for the chest of drawers. Very disappointing for the price.
HO-11387,2026-03-20,1,They charged a restocking fee nobody mentioned for the sofa. Eventually sorted but it took far too long.
HO-10023,2026-03-21,5,"Gorgeous finish on the sideboard, looks expensive. Exactly like the photos."
HO-10079,2026-03-21,5,The bookcase is heavy and properly built. Friends keep asking where it is from.
HO-10284,2026-03-21,1,Tracking said out for delivery for 7 days straight. Please sort out your delivery partner.
HO-10335,2026-03-21,3,Waited all day at home and the van never came for the sofa. Please sort out your delivery partner.
HO-10440,2026-03-21,1,My order arrived 7 days later than promised for the bookcase. Nobody told me why.
HO-10519,2026-03-21,3,Expensive for what you get honestly for the chest of drawers. Keep an eye on the sales.
HO-10744,2026-03-21,1,My order arrived 7 days later than promised. Really frustrating experience.
HO-10961,2026-03-21,1,Returned the chair but the refund never came through for the coffee table. Not good enough.
HO-11334,2026-03-21,1,App logged me out and lost my saved items for the dining table. Had to order on a laptop instead.
HO-11377,2026-03-21,1,My order arrived 6 days later than promised for the armchair. Nobody told me why.
HO-11393,2026-03-21,4,Prices are fair compared to the high street for the sideboard. Happy overall.
HO-10159,2026-03-22,2,Refund took over a month to appear on my card for the sofa. Very poor.
HO-10326,2026-03-22,5,"Gorgeous finish on the sideboard, looks expensive for the bed frame. Would buy again."
HO-10449,2026-03-22,2,Delivery was delayed 7 times without any warning. Nobody told me why.
HO-10522,2026-03-22,1,One of the chair legs was cracked in the box for the sideboard. Clearly packed badly.
HO-10539,2026-03-22,4,Bit pricey but the quality justifies it for the coffee table. Would recommend.
HO-10562,2026-03-22,5,The bookcase is heavy and properly built for the sideboard. Friends keep asking where it is from.
HO-10566,2026-03-22,2,Checkout on the app keeps freezing at payment for the sofa. Gave up and called instead.
HO-10670,2026-03-22,1,Tracking said out for delivery for 3 days straight for the chest of drawers. Really frustrating experience.
HO-10897,2026-03-22,4,"Gorgeous finish on the sideboard, looks expensive for the chest of drawers. Would buy again."
HO-10944,2026-03-22,3,Expensive for what you get honestly for the armchair. Happy overall.
HO-11014,2026-03-22,1,Tracking said out for delivery for 5 days straight for the dining table. Nobody told me why.
HO-11379,2026-03-22,2,Took 3 hours to put together the wardrobe. Needed two people.
HO-11380,2026-03-22,1,My order arrived 7 days later than promised for the desk. Please sort out your delivery partner.
HO-10027,2026-03-23,4,Support answered my email within an hour for the sofa. Really reassuring.
HO-10098,2026-03-23,4,Expensive for what you get honestly for the wardrobe. Not sure it is worth full price.
HO-10278,2026-03-23,1,Still waiting for my refund after 5 weeks for the sideboard. Very poor.
HO-10655,2026-03-23,4,Good value for solid wood furniture for the dining table. Happy overall.
HO-10680,2026-03-23,3,Prices are fair compared to the high street for the coffee table. Not sure it is worth full price.
HO-10943,2026-03-23,2,My order arrived 4 days later than promised for the wardrobe. I had to take another day off work.
HO-11332,2026-03-23,1,Refund took over a month to appear on my card for the dining table. Very poor.
HO-11337,2026-03-23,4,Support answered my email within an hour for the desk. Made up for the earlier problem.
HO-10088,2026-03-24,2,The app crashed during checkout and charged me twice. Had to order on a laptop instead.
HO-10427,2026-03-24,1,Returned the chair but the refund never came through for the coffee table. Very poor.
HO-10433,2026-03-24,2,It took 7 weeks to arrive when the site said 5 days for the coffee table. Nobody told me why.
HO-10456,2026-03-24,4,Support answered my email within an hour. Made up for the earlier problem.
HO-10530,2026-03-24,5,"Very comfortable sofa, the fabric feels premium for the dining table. Friends keep asking where it is from."
HO-10319,2026-03-25,2,Packaging was crushed and the bookshelf was split for the bookcase. Very disappointing for the price.
HO-10322,2026-03-25,4,Prices are fair compared to the high street for the chest of drawers. Happy overall.
HO-10462,2026-03-25,1,The app crashes every time I open my basket for the desk. Please fix the app.
HO-10612,2026-03-25,2,They charged a restocking fee nobody mentioned for the dining table. Eventually sorted but it took far too long.
HO-10613,2026-03-25,2,Still waiting for my refund after 9 weeks. Not good enough.
HO-11056,2026-03-25,3,They charged a restocking fee nobody mentioned for the sideboard. Very poor.
HO-11083,2026-03-25,1,My order arrived 4 days later than promised for the sofa. I had to take another day off work.
HO-11266,2026-03-25,1,The app crashes every time I open my basket for the sofa. Gave up and called instead.
HO-11365,2026-03-25,5,"Lovely craftsmanship on the desk, no wobble at all for the chest of drawers. Exactly like the photos."
HO-10053,2026-03-26,1,Delivery was delayed 4 times without any warning. Really frustrating experience.
HO-10054,2026-03-26,1,Drawer front was chipped right out of the box. Very disappointing for the price.
HO-10059,2026-03-26,4,Customer service sorted my problem in one call. Really reassuring.
HO-10179,2026-03-26,4,"Lovely craftsmanship on the desk, no wobble at all for the bed frame. Worth every penny."
HO-10466,2026-03-26,5,"Very comfortable sofa, the fabric feels premium for the sideboard. Worth every penny."
HO-11193,2026-03-26,4,"Beautiful solid oak dining table, really sturdy for the bed frame. Exactly like the photos."
HO-10367,2026-03-27,5,"Lovely craftsmanship on the desk, no wobble at all for the armchair. Exactly like the photos."
HO-10631,2026-03-27,5,The bed frame feels solid and well made for the sofa. Worth every penny.
HO-10714,2026-03-27,1,Glass top of the coffee table was shattered on arrival for the bed frame. Still waiting for a replacement part.
HO-10919,2026-03-27,4,Expensive for what you get honestly for the bed frame. Not sure it is worth full price.
HO-10225,2026-03-28,2,Refund took over a month to appear on my card for the bookcase. I will not order again.
HO-10401,2026-03-28,2,A few screws were missing from the assembly pack. A video guide would help.
HO-10452,2026-03-28,2,Tracking said out for delivery for 9 days straight. Please sort out your delivery partner.
HO-10006,2026-03-29,5,"Great quality wood, much better than flat pack brands. Would buy again."
HO-10101,2026-03-29,2,They charged a restocking fee nobody mentioned. Very poor.
HO-10178,2026-03-29,1,The courier missed the delivery slot twice for the dining table. Nobody told me why.
HO-10479,2026-03-29,1,The sofa arrived with a torn cushion for the armchair. Still waiting for a replacement part.
HO-10615,2026-03-29,2,They charged a restocking fee nobody mentioned for the chest of drawers. Not good enough.
HO-10666,2026-03-29,4,The bed frame feels solid and well made for the dining table. Friends keep asking where it is from.
HO-10885,2026-03-29,3,Sarah in customer care was incredibly helpful for the coffee table. Made up for the earlier problem.
HO-11298,2026-03-29,5,"Lovely craftsmanship on the desk, no wobble at all for the wardrobe. Worth every penny."
HO-11355,2026-03-29,5,"Very comfortable sofa, the fabric feels premium for the bed frame. Worth every penny."
HO-10028,2026-03-30,4,Support answered my email within an hour for the dining table. Could not ask for more.
HO-10161,2026-03-30,2,The app crashed during checkout and charged me twice for the chest of drawers. Gave up and called instead.
HO-10184,2026-03-30,2,Drawer front was chipped right out of the box. Clearly packed badly.
HO-10379,2026-03-30,5,"Very comfortable sofa, the fabric feels premium for the bed frame. Friends keep asking where it is from."
HO-10834,2026-03-30,2,Assembly was easy and took about an hour for the wardrobe. Fine in the end.
HO-10982,2026-03-30,3,They charged a restocking fee nobody mentioned for the sideboard. I will not order again.
HO-11080,2026-03-30,4,Live chat agent arranged a replacement the same day for the chest of drawers. Great service.
HO-11253,2026-03-30,4,"Lovely craftsmanship on the desk, no wobble at all for the desk. Exactly like the photos."
HO-10437,2026-03-31,1,Packaging was crushed and the bookshelf was split for the sofa. Still waiting for a replacement part.
HO-10491,2026-03-31,4,"Lovely craftsmanship on the desk, no wobble at all for the bed frame. Exactly like the photos."
HO-10568,2026-03-31,1,Waited all day at home and the van never came for the wardrobe. Really frustrating experience.
HO-11090,2026-03-31,5,"Very comfortable sofa, the fabric feels premium for the sofa. Exactly like the photos."
HO-11257,2026-03-31,1,It took 2 weeks to arrive when the site said 5 days. Please sort out your delivery partner.
HO-10009,2026-04-01,1,Estimated delivery kept moving back week after week for the sideboard. The table itself is fine once it finally arrived.
HO-10144,2026-04-01,2,The courier missed the delivery slot twice. The table itself is fine once it finally arrived.
HO-10207,2026-04-01,4,"Beautiful solid oak dining table, really sturdy for the sofa. Friends keep asking where it is from."
HO-10421,2026-04-01,1,Waited all day at home and the van never came for the chest of drawers. Please sort out your delivery partner.
HO-10582,2026-04-01,5,The bookcase is heavy and properly built for the chest of drawers. Friends keep asking where it is from.
HO-10748,2026-04-01,3,"Great sale prices, saved a lot on the sofa for the armchair. Keep an eye on the sales."
HO-10772,2026-04-01,4,"Beautiful solid oak dining table, really sturdy for the bed frame. Friends keep asking where it is from."
HO-11244,2026-04-01,2,Took 4 hours to put together the wardrobe. A video guide would help.
HO-10336,2026-04-02,2,Took 6 hours to put together the wardrobe. Needed two people.
HO-10344,2026-04-02,2,Tracking said out for delivery for 8 days straight. Nobody told me why.
HO-10763,2026-04-02,2,It took 6 weeks to arrive when the site said 5 days for the sofa. The table itself is fine once it finally arrived.
HO-11277,2026-04-02,1,Drawer front was chipped right out of the box for the dining table. Still waiting for a replacement part.
HO-10789,2026-04-03,2,Had to chase my refund 7 times by email. Eventually sorted but it took far too long.
HO-10858,2026-04-03,3,The diagrams in the manual did not match the parts for the armchair. Fine in the end.
HO-11092,2026-04-03,2,Glass top of the coffee table was shattered on arrival for the chest of drawers. Very disappointing for the price.
HO-10104,2026-04-04,1,Returned the chair but the refund never came through for the dining table. Eventually sorted but it took far too long.
HO-10299,2026-04-04,3,"Clear instructions, the bed went together quickly. Would pay for assembly next time."
HO-10517,2026-04-04,2,Delivery was delayed 2 times without any warning. Really frustrating experience.
HO-10541,2026-04-04,3,The support team were friendly and quick to reply for the wardrobe. Really reassuring.
HO-10551,2026-04-04,1,They charged a restocking fee nobody mentioned for the bed frame. Very poor.
HO-10640,2026-04-04,3,Took 4 hours to put together the wardrobe. Would pay for assembly next time.
HO-11351,2026-04-04,4,"Gorgeous finish on the sideboard, looks expensive for the sofa. Worth every penny."
HO-10076,2026-04-05,2,The app crashes every time I open my basket. Please fix the app.
HO-10112,2026-04-05,1,Packaging was crushed and the bookshelf was split. Very disappointing for the price.
HO-10128,2026-04-05,4,"Great quality wood, much better than flat pack brands. Exactly like the photos."
HO-10148,2026-04-05,4,"Great quality wood, much better than flat pack brands for the desk. Worth every penny."
HO-10318,2026-04-05,4,"Great quality wood, much better than flat pack brands for the sofa. Exactly like the photos."
HO-10439,2026-04-05,2,My order arrived 7 days later than promised. The table itself is fine once it finally arrived.
HO-10587,2026-04-05,1,Tracking said out for delivery for 7 days straight for the sideboard. Nobody told me why.
HO-11268,2026-04-05,2,Assembly was easy and took about an hour for the chest of drawers. Fine in the end.
HO-10021,2026-04-06,4,Bit pricey but the quality justifies it. Keep an eye on the sales.
HO-10072,2026-04-06,4,Prices are fair compared to the high street. Would recommend.
HO-10576,2026-04-06,5,The bookcase is heavy and properly built for the wardrobe. Exactly like the photos.
HO-10589,2026-04-06,1,The wardrobe door came scratched and dented for the armchair. Clearly packed badly.
HO-10698,2026-04-06,4,"Very comfortable sofa, the fabric feels premium. Exactly like the photos."
HO-10719,2026-04-06,4,The bookcase is heavy and properly built for the sideboard. Exactly like the photos.
HO-10737,2026-04-06,4,Bit pricey but the quality justifies it for the sideboard. Happy overall.
HO-11255,2026-04-06,2,App logged me out and lost my saved items for the sofa. Please fix the app.
HO-11312,2026-04-06,4,"Gorgeous finish on the sideboard, looks expensive for the sideboard. Friends keep asking where it is from."
HO-10085,2026-04-07,2,It took 8 weeks to arrive when the site said 5 days for the wardrobe. The table itself is fine once it finally arrived.
HO-10424,2026-04-07,2,The wardrobe door came scratched and dented for the armchair. I had to send it back.
HO-10656,2026-04-07,1,The courier missed the delivery slot twice for the chest of drawers. I had to take another day off work.
HO-10794,2026-04-07,4,Prices are fair compared to the high street for the bed frame. Happy overall.
HO-11040,2026-04-07,1,Delivery was delayed 9 times without any warning for the bookcase. Please sort out your delivery partner.
HO-11295,2026-04-07,5,The support team were friendly and quick to reply for the desk. Great service.
HO-10658,2026-04-08,4,Live chat agent arranged a replacement the same day for the dining table. Could not ask for more.
HO-11048,2026-04-08,2,Assembly was easy and took about an hour for the coffee table. Would pay for assembly next time.
HO-11291,2026-04-08,1,"Clear instructions, the bed went together quickly for the sideboard. Would pay for assembly next time."
HO-10279,2026-04-09,3,Had to chase my refund 9 times by email. I will not order again.
HO-10547,2026-04-09,2,Had to chase my refund 5 times by email. I will not order again.
HO-10556,2026-04-09,1,Glass top of the coffee table was shattered on arrival for the dining table. Clearly packed badly.
HO-10870,2026-04-09,4,"Great sale prices, saved a lot on the sofa for the sofa. Happy overall."
HO-10873,2026-04-09,2,The sofa arrived with a torn cushion for the wardrobe. Still waiting for a replacement part.
HO-11008,2026-04-09,2,Delivery was delayed 6 times without any warning. The table itself is fine once it finally arrived.
HO-11168,2026-04-09,1,Estimated delivery kept moving back week after week for the coffee table. The table itself is fine once it finally arrived.
HO-11214,2026-04-09,2,Drawer front was chipped right out of the box for the desk. Still waiting for a replacement part.
HO-11224,2026-04-09,2,Assembly was easy and took about an hour for the armchair. Would pay for assembly next time.
HO-11284,2026-04-09,1,Returned the chair but the refund never came through for the sideboard. Not good enough.
HO-10082,2026-04-10,2,The app crashed during checkout and charged me twice for the sideboard. Very annoying.
HO-10216,2026-04-10,2,"Clear instructions, the bed went together quickly for the sideboard. Needed two people."
HO-10399,2026-04-10,4,"Gorgeous finish on the sideboard, looks expensive for the desk. Worth every penny."
HO-10404,2026-04-10,3,The diagrams in the manual did not match the parts. Fine in the end.
HO-10511,2026-04-10,2,The diagrams in the manual did not match the parts for the bed frame. Needed two people.
HO-10803,2026-04-10,3,Assembly was easy and took about an hour for the sideboard. A video guide would help.
HO-10950,2026-04-10,4,Sarah in customer care was incredibly helpful for the sofa. Made up for the earlier problem.
HO-10973,2026-04-10,4,Support answered my email within an hour for the sideboard. Could not ask for more.
HO-11034,2026-04-10,4,The bed frame feels solid and well made for the bed frame. Friends keep asking where it is from.
HO-11118,2026-04-10,2,Estimated delivery kept moving back week after week for the sideboard. Really frustrating experience.
HO-10320,2026-04-11,5,Live chat agent arranged a replacement the same day for the bed frame. Great service.
HO-10585,2026-04-11,4,The bookcase is heavy and properly built for the bookcase. Worth every penny.
HO-10728,2026-04-11,2,Delivery was delayed 3 times without any warning. Really frustrating experience.
HO-10876,2026-04-11,1,The courier missed the delivery slot twice for the armchair. The table itself is fine once it finally arrived.
HO-10977,2026-04-11,1,Packaging was crushed and the bookshelf was split for the wardrobe. Clearly packed badly.
HO-11096,2026-04-11,2,The app crashes every time I open my basket for the sofa. Very annoying.
HO-11106,2026-04-11,5,The bookcase is heavy and properly built for the bookcase. Would buy again.
HO-11121,2026-04-11,1,Delivery was delayed 8 times without any warning. Really frustrating experience.
HO-11223,2026-04-11,2,Estimated delivery kept moving back week after week for the sofa. Please sort out your delivery partner.
HO-11282,2026-04-11,1,The courier missed the delivery slot twice for the sideboard. Nobody told me why.
HO-11360,2026-04-11,1,Waited all day at home and the van never came for the armchair. Nobody told me why.
HO-10142,2026-04-12,4,Live chat agent arranged a replacement the same day. Could not ask for more.
HO-10483,2026-04-12,2,It took 6 weeks to arrive when the site said 5 days. Really frustrating experience.
HO-10607,2026-04-12,1,The wardrobe door came scratched and dented for the dining table. I had to send it back.
HO-10843,2026-04-12,1,App logged me out and lost my saved items for the wardrobe. Very annoying.
HO-10892,2026-04-12,2,Had to chase my refund 2 times by email for the bed frame. Very poor.
HO-11146,2026-04-12,5,"Great sale prices, saved a lot on the sofa for the sideboard. Happy overall."
HO-11212,2026-04-12,3,"Clear instructions, the bed went together quickly for the dining table. Needed two people."
HO-10114,2026-04-13,1,Packaging was crushed and the bookshelf was split. Still waiting for a replacement part.
HO-10202,2026-04-13,4,Expensive for what you get honestly. Not sure it is worth full price.
HO-10250,2026-04-13,4,"Lovely craftsmanship on the desk, no wobble at all. Really happy with it."
HO-10710,2026-04-13,4,"Beautiful solid oak dining table, really sturdy for the armchair. Exactly like the photos."
HO-10893,2026-04-13,1,Delivery was delayed 5 times without any warning for the armchair. The table itself is fine once it finally arrived.
HO-10911,2026-04-13,2,Website kept showing an error when I tried to pay for the wardrobe. Gave up and called instead.
HO-10938,2026-04-13,1,The sofa arrived with a torn cushion for the dining table. Clearly packed badly.
HO-10996,2026-04-13,1,It took 4 weeks to arrive when the site said 5 days. I had to take another day off work.
HO-11079,2026-04-13,3,It took 9 weeks to arrive when the site said 5 days. Please sort out your delivery partner.
HO-11308,2026-04-13,3,Customer service sorted my problem in one call for the coffee table. Really reassuring.
HO-10237,2026-04-14,1,Tracking said out for delivery for 4 days straight. Nobody told me why.
HO-10251,2026-04-14,4,Bit pricey but the quality justifies it. Not sure it is worth full price.
HO-10296,2026-04-14,2,It took 8 weeks to arrive when the site said 5 days. The table itself is fine once it finally arrived.
HO-10308,2026-04-14,4,The support team were friendly and quick to reply for the sofa. Made up for the earlier problem.
HO-10601,2026-04-14,1,Returned the chair but the refund never came through for the sofa. Eventually sorted but it took far too long.
HO-11103,2026-04-14,2,Packaging was crushed and the bookshelf was split for the desk. I had to send it back.
HO-11258,2026-04-14,5,"Very comfortable sofa, the fabric feels premium for the armchair. Really happy with it."
HO-10474,2026-04-15,5,"Very comfortable sofa, the fabric feels premium for the chest of drawers. Would buy again."
HO-10695,2026-04-15,2,App logged me out and lost my saved items for the sofa. Gave up and called instead.
HO-10987,2026-04-15,1,The wardrobe door came scratched and dented for the chest of drawers. Very disappointing for the price.
HO-11004,2026-04-15,2,Took 9 hours to put together the wardrobe for the bed frame. Needed two people.
HO-11032,2026-04-15,2,Packaging was crushed and the bookshelf was split for the armchair. I had to send it back.
HO-11336,2026-04-15,1,Still waiting for my refund after 8 weeks for the bed frame. Eventually sorted but it took far too long.
HO-10258,2026-04-16,2,Waited all day at home and the van never came. Nobody told me why.
HO-10595,2026-04-16,3,Bit pricey but the quality justifies it for the dining table. Not sure it is worth full price.
HO-10677,2026-04-16,5,"Very comfortable sofa, the fabric feels premium for the armchair. Worth every penny."
HO-10831,2026-04-16,4,"Great quality wood, much better than flat pack brands for the desk. Really happy with it."
HO-10952,2026-04-16,2,One of the chair legs was cracked in the box for the chest of drawers. Clearly packed badly.
HO-11363,2026-04-16,1,Delivery was delayed 7 times without any warning for the sideboard. The table itself is fine once it finally arrived.
HO-10181,2026-04-17,2,Assembly was easy and took about an hour for the armchair. Needed two people.
HO-10502,2026-04-17,2,Took 8 hours to put together the wardrobe. Needed two people.
HO-10525,2026-04-17,1,The sofa arrived with a torn cushion. I had to send it back.
HO-10603,2026-04-17,3,Assembly instructions were confusing and missing steps for the coffee table. Fine in the end.
HO-10711,2026-04-17,2,It took 4 weeks to arrive when the site said 5 days for the coffee table. I had to take another day off work.
HO-10715,2026-04-17,4,The bookcase is heavy and properly built for the desk. Exactly like the photos.
HO-10738,2026-04-17,2,The app crashes every time I open my basket for the bookcase. Please fix the app.
HO-10751,2026-04-17,2,Delivery was delayed 7 times without any warning. I had to take another day off work.
HO-10901,2026-04-17,3,Took 8 hours to put together the wardrobe for the armchair. Needed two people.
HO-11390,2026-04-17,5,Live chat agent arranged a replacement the same day for the sofa. Could not ask for more.
HO-10078,2026-04-18,4,"Gorgeous finish on the sideboard, looks expensive. Worth every penny."
HO-10851,2026-04-18,3,The app crashed during checkout and charged me twice for the sideboard. Had to order on a laptop instead.
HO-10891,2026-04-18,5,The support team were friendly and quick to reply for the armchair. Great service.
HO-11049,2026-04-18,2,Delivery was delayed 9 times without any warning. I had to take another day off work.
HO-11289,2026-04-18,1,Drawer front was chipped right out of the box for the sideboard. Very disappointing for the price.
HO-10073,2026-04-19,3,Expensive for what you get honestly. Keep an eye on the sales.
HO-10266,2026-04-19,1,The sofa arrived with a torn cushion for the desk. Very disappointing for the price.
HO-10488,2026-04-19,3,A few screws were missing from the assembly pack for the armchair. Needed two people.
HO-10271,2026-04-20,1,The sofa arrived with a torn cushion. Very disappointing for the price.
HO-10370,2026-04-20,1,Returned the chair but the refund never came through. Eventually sorted but it took far too long.
HO-10593,2026-04-20,2,My order arrived 3 days later than promised. Please sort out your delivery partner.
HO-10617,2026-04-20,4,Live chat agent arranged a replacement the same day for the sideboard. Really reassuring.
HO-10004,2026-04-21,4,Sarah in customer care was incredibly helpful for the sofa. Really reassuring.
HO-10008,2026-04-21,3,A few screws were missing from the assembly pack for the bookcase. Needed two people.
HO-10030,2026-04-21,1,Returned the chair but the refund never came through. Not good enough.
HO-10190,2026-04-21,5,Live chat agent arranged a replacement the same day for the bookcase. Could not ask for more.
HO-10192,2026-04-21,2,My order arrived 5 days later than promised. Really frustrating experience.
HO-10345,2026-04-21,4,Sarah in customer care was incredibly helpful for the coffee table. Could not ask for more.
HO-10383,2026-04-21,4,Expensive for what you get honestly for the sideboard. Happy overall.
HO-10532,2026-04-21,2,The diagrams in the manual did not match the parts for the sideboard. A video guide would help.
HO-10561,2026-04-21,4,The support team were friendly and quick to reply for the chest of drawers. Could not ask for more.
HO-10732,2026-04-21,1,The wardrobe door came scratched and dented for the wardrobe. Clearly packed badly.
HO-10745,2026-04-21,5,"Gorgeous finish on the sideboard, looks expensive for the coffee table. Friends keep asking where it is from."
HO-10906,2026-04-21,1,Packaging was crushed and the bookshelf was split for the dining table. Clearly packed badly.
HO-10926,2026-04-21,1,My order arrived 4 days later than promised. I had to take another day off work.
HO-11046,2026-04-21,1,Refund took over a month to appear on my card for the armchair. Not good enough.
HO-11383,2026-04-21,1,The app crashes every time I open my basket for the dining table. Gave up and called instead.
HO-10029,2026-04-22,4,Sarah in customer care was incredibly helpful. Made up for the earlier problem.
HO-10058,2026-04-22,2,Glass top of the coffee table was shattered on arrival. Still waiting for a replacement part.
HO-10169,2026-04-22,4,"Gorgeous finish on the sideboard, looks expensive for the dining table. Worth every penny."
HO-10193,2026-04-22,1,Estimated delivery kept moving back week after week. Please sort out your delivery partner.
HO-10514,2026-04-22,1,My order arrived 7 days later than promised for the wardrobe. The table itself is fine once it finally arrived.
HO-10586,2026-04-22,3,Assembly instructions were confusing and missing steps for the wardrobe. A video guide would help.
HO-10642,2026-04-22,4,Support answered my email within an hour for the wardrobe. Great service.
HO-11190,2026-04-22,2,The diagrams in the manual did not match the parts for the chest of drawers. A video guide would help.
HO-11216,2026-04-22,3,Still waiting for my refund after 8 weeks for the sideboard. Very poor.
HO-11305,2026-04-22,5,Customer service sorted my problem in one call for the bed frame. Could not ask for more.
HO-11330,2026-04-22,2,Drawer front was chipped right out of the box for the dining table. I had to send it back.
HO-10323,2026-04-23,5,"Beautiful solid oak dining table, really sturdy for the sideboard. Would buy again."
HO-10558,2026-04-23,5,The bookcase is heavy and properly built for the sofa. Really happy with it.
HO-10610,2026-04-23,4,"Lovely craftsmanship on the desk, no wobble at all for the armchair. Would buy again."
HO-10780,2026-04-23,3,It took 6 weeks to arrive when the site said 5 days. Please sort out your delivery partner.
HO-10837,2026-04-23,1,Delivery was delayed 9 times without any warning. Really frustrating experience.
HO-11065,2026-04-23,5,"Great sale prices, saved a lot on the sofa for the desk. Would recommend."
HO-11117,2026-04-23,1,Took 9 hours to put together the wardrobe for the wardrobe. Fine in the end.
HO-11184,2026-04-23,3,Bit pricey but the quality justifies it for the chest of drawers. Keep an eye on the sales.
HO-11276,2026-04-23,1,The sofa arrived with a torn cushion for the bookcase. Very disappointing for the price.
HO-10007,2026-04-24,4,Good value for solid wood furniture. Not sure it is worth full price.
HO-10317,2026-04-24,1,Had to chase my refund 9 times by email for the sofa. Eventually sorted but it took far too long.
HO-10508,2026-04-24,2,The wardrobe door came scratched and dented for the sideboard. I had to send it back.
HO-10875,2026-04-24,3,Took 3 hours to put together the wardrobe. A video guide would help.
HO-11028,2026-04-24,2,Refund took over a month to appear on my card for the sideboard. Not good enough.
HO-11148,2026-04-24,2,The courier missed the delivery slot twice for the sofa. Please sort out your delivery partner.
HO-11205,2026-04-24,1,Refund took over a month to appear on my card for the sideboard. Very poor.
HO-10141,2026-04-25,4,"Great quality wood, much better than flat pack brands for the bookcase. Exactly like the photos."
HO-10177,2026-04-25,2,Took 2 hours to put together the wardrobe. Would pay for assembly next time.
HO-10432,2026-04-25,1,Tracking said out for delivery for 2 days straight. Really frustrating experience.
HO-10629,2026-04-25,3,Sarah in customer care was incredibly helpful for the bookcase. Really reassuring.
HO-10860,2026-04-25,2,Tracking said out for delivery for 9 days straight for the bookcase. Please sort out your delivery partner.
HO-10902,2026-04-25,1,The wardrobe door came scratched and dented for the coffee table. Clearly packed badly.
HO-11033,2026-04-25,4,Prices are fair compared to the high street for the bed frame. Would recommend.
HO-11195,2026-04-25,1,The sofa arrived with a torn cushion for the sideboard. Very disappointing for the price.
HO-11375,2026-04-25,1,My order arrived 5 days later than promised. I had to take another day off work.
HO-11297,2026-04-26,4,The bookcase is heavy and properly built for the desk. Friends keep asking where it is from.
HO-10188,2026-04-27,2,The app crashes every time I open my basket for the armchair. Had to order on a laptop instead.
HO-10196,2026-04-27,5,"Beautiful solid oak dining table, really sturdy. Worth every penny."
HO-10210,2026-04-27,4,"Very comfortable sofa, the fabric feels premium. Friends keep asking where it is from."
HO-10709,2026-04-27,4,The bed frame feels solid and well made for the bed frame. Would buy again.
HO-10722,2026-04-27,2,It took 6 weeks to arrive when the site said 5 days. Nobody told me why.
HO-10735,2026-04-27,1,It took 4 weeks to arrive when the site said 5 days for the bookcase. The table itself is fine once it finally arrived.
HO-11153,2026-04-27,2,It took 4 weeks to arrive when the site said 5 days. Please sort out your delivery partner.
HO-11267,2026-04-27,4,"Lovely craftsmanship on the desk, no wobble at all for the armchair. Really happy with it."
HO-10329,2026-04-28,1,The courier missed the delivery slot twice for the chest of drawers. Really frustrating experience.
HO-10713,2026-04-28,1,Packaging was crushed and the bookshelf was split for the wardrobe. Very disappointing for the price.
HO-10814,2026-04-28,5,"Very comfortable sofa, the fabric feels premium for the desk. Worth every penny."
HO-10817,2026-04-28,3,Still waiting for my refund after 3 weeks. Not good enough.
HO-10105,2026-04-29,2,My order arrived 8 days later than promised. Nobody told me why.
HO-10140,2026-04-29,4,"Gorgeous finish on the sideboard, looks expensive for the armchair. Really happy with it."
HO-10272,2026-04-29,5,The bookcase is heavy and properly built. Worth every penny.
HO-10571,2026-04-29,2,Assembly was easy and took about an hour for the chest of drawers. Would pay for assembly next time.
HO-10627,2026-04-29,1,It took 7 weeks to arrive when the site said 5 days. I had to take another day off work.
HO-10686,2026-04-29,1,One of the chair legs was cracked in the box for the sideboard. Still waiting for a replacement part.
HO-10061,2026-04-30,4,The bookcase is heavy and properly built for the armchair. Really happy with it.
HO-10232,2026-04-30,1,Tracking said out for delivery for 3 days straight. Nobody told me why.
HO-10380,2026-04-30,4,Customer service sorted my problem in one call for the bookcase. Really reassuring.
HO-10389,2026-04-30,5,"Beautiful solid oak dining table, really sturdy. Exactly like the photos."
HO-10796,2026-04-30,4,Support answered my email within an hour for the armchair. Really reassuring.
HO-11062,2026-04-30,4,Prices are fair compared to the high street for the bookcase. Keep an eye on the sales.
HO-10092,2026-05-01,2,They charged a restocking fee nobody mentioned. Not good enough.
HO-10121,2026-05-01,1,App logged me out and lost my saved items. Please fix the app.
HO-10150,2026-05-01,2,A few screws were missing from the assembly pack. Needed two people.
HO-10158,2026-05-01,5,Support answered my email within an hour for the coffee table. Really reassuring.
HO-10255,2026-05-01,4,Live chat agent arranged a replacement the same day for the coffee table. Great service.
HO-10429,2026-05-01,1,Packaging was crushed and the bookshelf was split for the bookcase. Still waiting for a replacement part.
HO-10651,2026-05-01,4,Prices are fair compared to the high street for the dining table. Not sure it is worth full price.
HO-10882,2026-05-01,4,The bed frame feels solid and well made for the sideboard. Worth every penny.
HO-10970,2026-05-01,2,Had to chase my refund 4 times by email for the dining table. Not good enough.
HO-11199,2026-05-01,5,Live chat agent arranged a replacement the same day for the desk. Really reassuring.
HO-10442,2026-05-02,1,My order arrived 3 days later than promised for the wardrobe. Really frustrating experience.
HO-10529,2026-05-02,4,Live chat agent arranged a replacement the same day for the desk. Could not ask for more.
HO-10845,2026-05-02,2,Had to chase my refund 6 times by email. Not good enough.
HO-10854,2026-05-02,1,Checkout on the app keeps freezing at payment for the dining table. Had to order on a laptop instead.
HO-10914,2026-05-02,2,It took 9 weeks to arrive when the site said 5 days. The table itself is fine once it finally arrived.
HO-11331,2026-05-02,2,Assembly was easy and took about an hour for the wardrobe. Needed two people.
HO-10069,2026-05-03,1,My order arrived 9 days later than promised for the wardrobe. Please sort out your delivery partner.
HO-10490,2026-05-03,1,Still waiting for my refund after 8 weeks. Not good enough.
HO-10624,2026-05-03,3,The diagrams in the manual did not match the parts for the sideboard. Would pay for assembly next time.
HO-10752,2026-05-03,5,The bookcase is heavy and properly built for the coffee table. Exactly like the photos.
HO-10769,2026-05-03,4,Support answered my email within an hour for the chest of drawers. Made up for the earlier problem.
HO-10867,2026-05-03,1,Returned the chair but the refund never came through for the wardrobe. Not good enough.
HO-10995,2026-05-03,5,"Great sale prices, saved a lot on the sofa for the bed frame. Not sure it is worth full price."
HO-11100,2026-05-03,5,"Beautiful solid oak dining table, really sturdy for the desk. Would buy again."
HO-11169,2026-05-03,1,Still waiting for my refund after 5 weeks for the sofa. I will not order again.
HO-11359,2026-05-03,1,Returned the chair but the refund never came through for the wardrobe. Eventually sorted but it took far too long.
HO-10020,2026-05-04,2,Delivery was delayed 6 times without any warning. Please sort out your delivery partner.
HO-10095,2026-05-04,2,Assembly was easy and took about an hour. Would pay for assembly next time.
HO-10171,2026-05-04,4,"Great sale prices, saved a lot on the sofa for the dining table. Happy overall."
HO-10226,2026-05-04,2,Took 5 hours to put together the wardrobe. Would pay for assembly next time.
HO-10282,2026-05-04,4,The bed frame feels solid and well made for the dining table. Would buy again.
HO-10549,2026-05-04,2,Took 2 hours to put together the wardrobe for the armchair. Fine in the end.
HO-10694,2026-05-04,4,Bit pricey but the quality justifies it for the sideboard. Would recommend.
HO-10912,2026-05-04,3,Took 7 hours to put together the wardrobe. A video guide would help.
HO-11069,2026-05-04,2,App logged me out and lost my saved items for the sideboard. Gave up and called instead.
HO-11160,2026-05-04,1,Had to chase my refund 8 times by email. Not good enough.
HO-11179,2026-05-04,2,Delivery was delayed 9 times without any warning for the bed frame. Really frustrating experience.
HO-10154,2026-05-05,2,My order arrived 7 days later than promised for the bookcase. Please sort out your delivery partner.
HO-10162,2026-05-05,5,The bookcase is heavy and properly built for the desk. Worth every penny.
HO-10268,2026-05-05,3,The app crashes every time I open my basket for the sideboard. Gave up and called instead.
HO-10290,2026-05-05,2,One of the chair legs was cracked in the box for the sofa. Still waiting for a replacement part.
HO-10382,2026-05-05,1,Estimated delivery kept moving back week after week. Nobody told me why.
HO-10820,2026-05-05,2,Took 7 hours to put together the wardrobe. Fine in the end.
HO-11037,2026-05-05,1,The sofa arrived with a torn cushion for the sideboard. I had to send it back.
HO-11058,2026-05-05,5,"Beautiful solid oak dining table, really sturdy for the wardrobe. Friends keep asking where it is from."
HO-11068,2026-05-05,3,They charged a restocking fee nobody mentioned for the armchair. Eventually sorted but it took far too long.
HO-11095,2026-05-05,1,Tracking said out for delivery for 2 days straight for the armchair. I had to take another day off work.
HO-11172,2026-05-05,1,Delivery was delayed 2 times without any warning for the chest of drawers. I had to take another day off work.
HO-11260,2026-05-05,3,Had to chase my refund 3 times by email for the bed frame. I will not order again.
HO-11294,2026-05-05,1,Drawer front was chipped right out of the box for the sofa. I had to send it back.
HO-11364,2026-05-05,5,Good value for solid wood furniture for the sideboard. Happy overall.
HO-10026,2026-05-06,2,App logged me out and lost my saved items. Gave up and called instead.
HO-10152,2026-05-06,3,Assembly was easy and took about an hour. Needed two people.
HO-10425,2026-05-06,2,Returned the chair but the refund never came through for the wardrobe. I will not order again.
HO-10770,2026-05-06,4,"Beautiful solid oak dining table, really sturdy for the bed frame. Really happy with it."
HO-10821,2026-05-06,1,Tracking said out for delivery for 5 days straight for the desk. Please sort out your delivery partner.
HO-10874,2026-05-06,2,Still waiting for my refund after 5 weeks. Eventually sorted but it took far too long.
HO-10989,2026-05-06,1,Checkout on the app keeps freezing at payment for the bookcase. Please fix the app.
HO-11206,2026-05-06,2,Tracking said out for delivery for 6 days straight for the wardrobe. Nobody told me why.
HO-11217,2026-05-06,2,Returned the chair but the refund never came through for the coffee table. Eventually sorted but it took far too long.
HO-10074,2026-05-07,3,"Lovely craftsmanship on the desk, no wobble at all for the coffee table. Worth every penny."
HO-10134,2026-05-07,1,Tracking said out for delivery for 2 days straight. I had to take another day off work.
HO-10518,2026-05-07,5,"Gorgeous finish on the sideboard, looks expensive for the bookcase. Friends keep asking where it is from."
HO-10924,2026-05-07,1,The courier missed the delivery slot twice for the sideboard. The table itself is fine once it finally arrived.
HO-11150,2026-05-07,2,My order arrived 5 days later than promised for the coffee table. Please sort out your delivery partner.
HO-11283,2026-05-07,5,"Gorgeous finish on the sideboard, looks expensive for the dining table. Would buy again."
HO-10228,2026-05-08,1,The courier missed the delivery slot twice for the desk. Really frustrating experience.
HO-10229,2026-05-08,4,Sarah in customer care was incredibly helpful for the desk. Made up for the earlier problem.
HO-10312,2026-05-08,2,A few screws were missing from the assembly pack. Fine in the end.
HO-10357,2026-05-08,2,Tracking said out for delivery for 8 days straight. The table itself is fine once it finally arrived.
HO-10510,2026-05-08,5,"Very comfortable sofa, the fabric feels premium for the dining table. Exactly like the photos."
HO-10784,2026-05-08,1,Still waiting for my refund after 7 weeks for the chest of drawers. Very poor.
HO-11036,2026-05-08,2,The diagrams in the manual did not match the parts for the sofa. A video guide would help.
HO-10035,2026-05-09,1,One of the chair legs was cracked in the box. Clearly packed badly.
HO-10143,2026-05-09,1,My order arrived 4 days later than promised. Really frustrating experience.
HO-10409,2026-05-09,4,The support team were friendly and quick to reply for the dining table. Made up for the earlier problem.
HO-10417,2026-05-09,5,The bed frame feels solid and well made. Would buy again.
HO-10632,2026-05-09,4,Customer service sorted my problem in one call for the armchair. Could not ask for more.
HO-11043,2026-05-09,1,Website kept showing an error when I tried to pay for the coffee table. Had to order on a laptop instead.
HO-11321,2026-05-09,1,My order arrived 5 days later than promised for the dining table. The table itself is fine once it finally arrived.
HO-10129,2026-05-10,5,The bookcase is heavy and properly built. Exactly like the photos.
HO-10172,2026-05-10,5,"Great quality wood, much better than flat pack brands for the sideboard. Would buy again."
HO-10245,2026-05-10,1,It took 3 weeks to arrive when the site said 5 days. Really frustrating experience.
HO-10412,2026-05-10,5,"Very comfortable sofa, the fabric feels premium. Worth every penny."
HO-10478,2026-05-10,3,The support team were friendly and quick to reply for the chest of drawers. Great service.
HO-10581,2026-05-10,1,They charged a restocking fee nobody mentioned for the coffee table. Very poor.
HO-10932,2026-05-10,5,"Great quality wood, much better than flat pack brands for the wardrobe. Really happy with it."
HO-11044,2026-05-10,4,"Great quality wood, much better than flat pack brands for the bookcase. Would buy again."
HO-11051,2026-05-10,2,Glass top of the coffee table was shattered on arrival for the desk. Very disappointing for the price.
HO-11081,2026-05-10,1,Checkout on the app keeps freezing at payment for the dining table. Gave up and called instead.
HO-11197,2026-05-10,3,Assembly instructions were confusing and missing steps for the coffee table. Needed two people.
HO-11313,2026-05-10,2,Waited all day at home and the van never came for the coffee table. I had to take another day off work.
HO-10042,2026-05-11,3,Customer service sorted my problem in one call. Great service.
HO-10103,2026-05-11,4,Sarah in customer care was incredibly helpful. Great service.
HO-10274,2026-05-11,2,A few screws were missing from the assembly pack for the sideboard. A video guide would help.
HO-10377,2026-05-11,4,Prices are fair compared to the high street for the sideboard. Keep an eye on the sales.
HO-10431,2026-05-11,3,Bit pricey but the quality justifies it for the bed frame. Would recommend.
HO-10600,2026-05-11,2,Tracking said out for delivery for 9 days straight for the wardrobe. Really frustrating experience.
HO-10614,2026-05-11,2,The courier missed the delivery slot twice for the bed frame. I had to take another day off work.
HO-10731,2026-05-11,3,Assembly was easy and took about an hour for the desk. Needed two people.
HO-10849,2026-05-11,2,Assembly instructions were confusing and missing steps for the chest of drawers. A video guide would help.
HO-11290,2026-05-11,3,Prices are fair compared to the high street for the bookcase. Not sure it is worth full price.
HO-10543,2026-05-12,5,"Lovely craftsmanship on the desk, no wobble at all for the armchair. Friends keep asking where it is from."
HO-11000,2026-05-12,4,Live chat agent arranged a replacement the same day for the sideboard. Could not ask for more.
HO-11052,2026-05-12,5,The bookcase is heavy and properly built for the dining table. Friends keep asking where it is from.
HO-11120,2026-05-12,2,Estimated delivery kept moving back week after week for the dining table. Really frustrating experience.
HO-10056,2026-05-13,4,Good value for solid wood furniture for the sideboard. Keep an eye on the sales.
HO-10080,2026-05-13,1,Checkout on the app keeps freezing at payment. Very annoying.
HO-10252,2026-05-13,2,Still waiting for my refund after 7 weeks. Very poor.
HO-10283,2026-05-13,1,The courier missed the delivery slot twice for the dining table. Please sort out your delivery partner.
HO-10665,2026-05-13,5,"Very comfortable sofa, the fabric feels premium for the sideboard. Really happy with it."
HO-10700,2026-05-13,4,"Gorgeous finish on the sideboard, looks expensive for the desk. Friends keep asking where it is from."
HO-10066,2026-05-14,4,Sarah in customer care was incredibly helpful. Could not ask for more.
HO-10195,2026-05-14,3,Good value for solid wood furniture for the sideboard. Not sure it is worth full price.
HO-10531,2026-05-14,5,"Gorgeous finish on the sideboard, looks expensive for the coffee table. Really happy with it."
HO-10285,2026-05-15,5,Customer service sorted my problem in one call for the bed frame. Really reassuring.
HO-10297,2026-05-15,4,The support team were friendly and quick to reply. Could not ask for more.
HO-10520,2026-05-15,2,Delivery was delayed 2 times without any warning. Nobody told me why.
HO-10648,2026-05-15,4,Bit pricey but the quality justifies it for the armchair. Keep an eye on the sales.
HO-10773,2026-05-15,2,Delivery was delayed 4 times without any warning. I had to take another day off work.
HO-10940,2026-05-15,2,App logged me out and lost my saved items for the chest of drawers. Had to order on a laptop instead.
HO-11102,2026-05-15,2,"Clear instructions, the bed went together quickly for the chest of drawers. Needed two people."
HO-11194,2026-05-15,4,"Gorgeous finish on the sideboard, looks expensive for the wardrobe. Really happy with it."
HO-11369,2026-05-15,4,The support team were friendly and quick to reply for the bookcase. Made up for the earlier problem.
HO-10332,2026-05-16,2,Took 3 hours to put together the wardrobe for the sideboard. Needed two people.
HO-10797,2026-05-16,4,Expensive for what you get honestly for the sofa. Keep an eye on the sales.
HO-10864,2026-05-16,1,A few screws were missing from the assembly pack for the desk. Fine in the end.
HO-10935,2026-05-16,1,Checkout on the app keeps freezing at payment for the bed frame. Had to order on a laptop instead.
HO-11071,2026-05-16,1,Tracking said out for delivery for 4 days straight for the bookcase. The table itself is fine once it finally arrived.
HO-11072,2026-05-16,4,Sarah in customer care was incredibly helpful for the chest of drawers. Really reassuring.
HO-11372,2026-05-16,1,Tracking said out for delivery for 9 days straight for the sideboard. The table itself is fine once it finally arrived.
HO-11398,2026-05-16,4,Live chat agent arranged a replacement the same day for the bed frame. Made up for the earlier problem.
HO-10371,2026-05-17,2,Refund took over a month to appear on my card for the bookcase. Eventually sorted but it took far too long.
HO-10386,2026-05-17,5,"Lovely craftsmanship on the desk, no wobble at all for the bookcase. Exactly like the photos."
HO-10534,2026-05-17,5,"Great quality wood, much better than flat pack brands for the bed frame. Would buy again."
HO-10633,2026-05-17,1,The wardrobe door came scratched and dented for the wardrobe. I had to send it back.
HO-10636,2026-05-17,5,"Great quality wood, much better than flat pack brands for the armchair. Exactly like the photos."
HO-10888,2026-05-17,2,Tracking said out for delivery for 3 days straight. I had to take another day off work.
HO-10946,2026-05-17,4,"Very comfortable sofa, the fabric feels premium for the chest of drawers. Really happy with it."
HO-11263,2026-05-17,5,"Gorgeous finish on the sideboard, looks expensive for the bookcase. Worth every penny."
HO-11319,2026-05-17,1,Tracking said out for delivery for 5 days straight. Please sort out your delivery partner.
HO-10091,2026-05-18,2,Returned the chair but the refund never came through. Very poor.
HO-10238,2026-05-18,2,Good value for solid wood furniture for the bed frame. Keep an eye on the sales.
HO-10328,2026-05-18,2,Waited all day at home and the van never came for the sofa. Really frustrating experience.
HO-10361,2026-05-18,2,Still waiting for my refund after 4 weeks. Very poor.
HO-10540,2026-05-18,3,Refund took over a month to appear on my card for the wardrobe. I will not order again.
HO-10584,2026-05-18,1,Delivery was delayed 7 times without any warning. Really frustrating experience.
HO-10696,2026-05-18,1,My order arrived 7 days later than promised for the coffee table. Please sort out your delivery partner.
HO-10782,2026-05-18,2,It took 8 weeks to arrive when the site said 5 days. Please sort out your delivery partner.
HO-10836,2026-05-18,3,App logged me out and lost my saved items for the bookcase. Had to order on a laptop instead.
HO-10954,2026-05-18,2,My order arrived 4 days later than promised for the armchair. Really frustrating experience.
HO-10986,2026-05-18,3,Support answered my email within an hour for the desk. Really reassuring.
HO-11023,2026-05-18,5,The bed frame feels solid and well made for the bookcase. Worth every penny.
HO-11227,2026-05-18,2,It took 7 weeks to arrive when the site said 5 days. Nobody told me why.
HO-10120,2026-05-19,1,The app crashes every time I open my basket for the sideboard. Please fix the app.
HO-10699,2026-05-19,1,Delivery was delayed 4 times without any warning for the armchair. I had to take another day off work.
HO-10805,2026-05-19,1,It took 2 weeks to arrive when the site said 5 days. Really frustrating experience.
HO-10909,2026-05-19,2,Still waiting for my refund after 2 weeks. Very poor.
HO-11001,2026-05-19,3,Took 3 hours to put together the wardrobe for the bed frame. A video guide would help.
HO-11286,2026-05-19,3,"Great sale prices, saved a lot on the sofa for the bookcase. Keep an eye on the sales."
HO-10022,2026-05-20,4,Good value for solid wood furniture. Would recommend.
HO-10093,2026-05-20,3,Refund took over a month to appear on my card. Eventually sorted but it took far too long.
HO-10321,2026-05-20,2,Delivery was delayed 9 times without any warning for the chest of drawers. Really frustrating experience.
HO-10482,2026-05-20,5,"Lovely craftsmanship on the desk, no wobble at all for the bookcase. Would buy again."
HO-10563,2026-05-20,5,Customer service sorted my problem in one call for the sideboard. Great service.
HO-10668,2026-05-20,2,Checkout on the app keeps freezing at payment for the wardrobe. Please fix the app.
HO-11003,2026-05-20,2,My order arrived 5 days later than promised for the coffee table. The table itself is fine once it finally arrived.
HO-11017,2026-05-20,5,"Beautiful solid oak dining table, really sturdy for the sofa. Really happy with it."
HO-11093,2026-05-20,4,"Very comfortable sofa, the fabric feels premium for the chest of drawers. Exactly like the photos."
HO-10100,2026-05-21,5,"Beautiful solid oak dining table, really sturdy. Would buy again."
HO-10136,2026-05-21,1,The app crashed during checkout and charged me twice. Gave up and called instead.
HO-10147,2026-05-21,2,"Clear instructions, the bed went together quickly for the wardrobe. Would pay for assembly next time."
HO-10261,2026-05-21,5,The bookcase is heavy and properly built for the desk. Would buy again.
HO-10683,2026-05-21,1,Packaging was crushed and the bookshelf was split for the coffee table. Clearly packed badly.
HO-10832,2026-05-21,1,The app crashed during checkout and charged me twice for the desk. Had to order on a laptop instead.
HO-10244,2026-05-22,4,Prices are fair compared to the high street for the wardrobe. Not sure it is worth full price.
HO-10289,2026-05-22,2,Refund took over a month to appear on my card. Very poor.
HO-10360,2026-05-22,4,"Beautiful solid oak dining table, really sturdy. Friends keep asking where it is from."
HO-10570,2026-05-22,1,Took 4 hours to put together the wardrobe. Fine in the end.
HO-10777,2026-05-22,2,A few screws were missing from the assembly pack for the chest of drawers. Needed two people.
HO-11070,2026-05-22,5,"Great quality wood, much better than flat pack brands for the desk. Friends keep asking where it is from."
HO-11114,2026-05-22,2,Assembly instructions were confusing and missing steps for the armchair. A video guide would help.
HO-11124,2026-05-22,1,My order arrived 5 days later than promised. Please sort out your delivery partner.
HO-11232,2026-05-22,1,Still waiting for my refund after 6 weeks for the wardrobe. Very poor.
HO-11361,2026-05-22,1,One of the chair legs was cracked in the box for the dining table. Still waiting for a replacement part.
HO-10041,2026-05-23,1,Drawer front was chipped right out of the box for the sofa. Clearly packed badly.
HO-11013,2026-05-23,2,Checkout on the app keeps freezing at payment for the wardrobe. Very annoying.
HO-11202,2026-05-23,1,The sofa arrived with a torn cushion for the dining table. I had to send it back.
HO-11239,2026-05-23,2,Took 9 hours to put together the wardrobe for the bed frame. Would pay for assembly next time.
HO-11261,2026-05-23,2,Drawer front was chipped right out of the box for the coffee table. Clearly packed badly.
HO-10183,2026-05-24,1,Waited all day at home and the van never came. Please sort out your delivery partner.
HO-10569,2026-05-24,2,Still waiting for my refund after 7 weeks. Not good enough.
HO-10654,2026-05-24,1,They charged a restocking fee nobody mentioned for the sofa. Very poor.
HO-10727,2026-05-24,1,It took 6 weeks to arrive when the site said 5 days for the chest of drawers. Really frustrating experience.
HO-10776,2026-05-24,5,"Very comfortable sofa, the fabric feels premium for the bookcase. Really happy with it."
HO-10800,2026-05-24,2,App logged me out and lost my saved items for the armchair. Please fix the app.
HO-10927,2026-05-24,3,"Clear instructions, the bed went together quickly. Fine in the end."
HO-10975,2026-05-24,2,Refund took over a month to appear on my card for the armchair. Very poor.
HO-10997,2026-05-24,1,Still waiting for my refund after 6 weeks. Not good enough.
HO-11098,2026-05-24,1,Had to chase my refund 2 times by email. Eventually sorted but it took far too long.
HO-11189,2026-05-24,2,My order arrived 2 days later than promised for the bookcase. I had to take another day off work.
HO-11322,2026-05-24,4,The bookcase is heavy and properly built for the sideboard. Really happy with it.
HO-10503,2026-05-25,4,"Beautiful solid oak dining table, really sturdy for the chest of drawers. Friends keep asking where it is from."
HO-10693,2026-05-25,3,Customer service sorted my problem in one call for the chest of drawers. Great service.
HO-10765,2026-05-25,4,Sarah in customer care was incredibly helpful for the sofa. Great service.
HO-11151,2026-05-25,4,Expensive for what you get honestly for the coffee table. Not sure it is worth full price.
HO-11352,2026-05-25,1,The wardrobe door came scratched and dented for the chest of drawers. I had to send it back.
HO-10113,2026-05-26,2,Still waiting for my refund after 2 weeks for the bookcase. I will not order again.
HO-10262,2026-05-26,1,Delivery was delayed 9 times without any warning for the sofa. Please sort out your delivery partner.
HO-10598,2026-05-26,2,"Clear instructions, the bed went together quickly for the bed frame. Fine in the end."
HO-10707,2026-05-26,1,My order arrived 5 days later than promised for the dining table. Nobody told me why.
HO-10934,2026-05-26,1,Delivery was delayed 7 times without any warning for the chest of drawers. I had to take another day off work.
HO-11215,2026-05-26,1,Website kept showing an error when I tried to pay for the sofa. Very annoying.
HO-10102,2026-05-27,3,Assembly was easy and took about an hour for the wardrobe. A video guide would help.
HO-10572,2026-05-27,5,"Lovely craftsmanship on the desk, no wobble at all for the desk. Would buy again."
HO-10623,2026-05-27,2,Still waiting for my refund after 7 weeks. I will not order again.
HO-10671,2026-05-27,4,The support team were friendly and quick to reply for the desk. Made up for the earlier problem.
HO-10702,2026-05-27,4,Support answered my email within an hour for the chest of drawers. Great service.
HO-10809,2026-05-27,3,Took 3 hours to put together the wardrobe for the desk. A video guide would help.
HO-10824,2026-05-27,1,Still waiting for my refund after 9 weeks. I will not order again.
HO-11204,2026-05-27,2,Had to chase my refund 2 times by email for the dining table. Eventually sorted but it took far too long.
HO-10094,2026-05-28,2,Still waiting for my refund after 9 weeks. Eventually sorted but it took far too long.
HO-10575,2026-05-28,4,"Very comfortable sofa, the fabric feels premium. Would buy again."
HO-10793,2026-05-28,2,Returned the chair but the refund never came through for the bookcase. I will not order again.
HO-10951,2026-05-28,5,The bed frame feels solid and well made for the chest of drawers. Exactly like the photos.
HO-11237,2026-05-28,4,Sarah in customer care was incredibly helpful for the bed frame. Made up for the earlier problem.
HO-11341,2026-05-28,2,Drawer front was chipped right out of the box for the bookcase. I had to send it back.
HO-11368,2026-05-28,1,Tracking said out for delivery for 9 days straight for the bed frame. Nobody told me why.
HO-10052,2026-05-29,4,Bit pricey but the quality justifies it. Happy overall.
HO-10239,2026-05-29,4,"Great quality wood, much better than flat pack brands for the chest of drawers. Worth every penny."
HO-10288,2026-05-29,2,It took 4 weeks to arrive when the site said 5 days. Nobody told me why.
HO-10639,2026-05-29,2,It took 2 weeks to arrive when the site said 5 days for the desk. Nobody told me why.
HO-10850,2026-05-29,2,The app crashed during checkout and charged me twice for the bookcase. Very annoying.
HO-11314,2026-05-29,1,Estimated delivery kept moving back week after week for the bed frame. The table itself is fine once it finally arrived.
HO-11362,2026-05-29,4,Good value for solid wood furniture for the wardrobe. Keep an eye on the sales.
HO-10031,2026-05-30,2,The app crashes every time I open my basket. Very annoying.
HO-10170,2026-05-30,3,The diagrams in the manual did not match the parts for the chest of drawers. Would pay for assembly next time.
HO-10305,2026-05-30,2,Tracking said out for delivery for 7 days straight. Really frustrating experience.
HO-10343,2026-05-30,2,Tracking said out for delivery for 8 days straight for the sofa. Nobody told me why.
HO-10422,2026-05-30,2,Assembly was easy and took about an hour for the sideboard. Needed two people.
HO-10931,2026-05-30,2,Still waiting for my refund after 8 weeks for the chest of drawers. I will not order again.
HO-10967,2026-05-30,2,A few screws were missing from the assembly pack for the bed frame. Fine in the end.
HO-10999,2026-05-30,4,Good value for solid wood furniture for the armchair. Not sure it is worth full price.
HO-11029,2026-05-30,2,Still waiting for my refund after 4 weeks. I will not order again.
HO-10024,2026-05-31,2,Waited all day at home and the van never came. The table itself is fine once it finally arrived.
HO-10034,2026-05-31,4,"Great quality wood, much better than flat pack brands. Friends keep asking where it is from."
HO-10264,2026-05-31,5,"Great quality wood, much better than flat pack brands for the wardrobe. Friends keep asking where it is from."
HO-10276,2026-05-31,5,"Beautiful solid oak dining table, really sturdy for the coffee table. Exactly like the photos."
HO-10316,2026-05-31,2,Took 6 hours to put together the wardrobe. Would pay for assembly next time.
HO-10341,2026-05-31,2,Estimated delivery kept moving back week after week for the dining table. Please sort out your delivery partner.
HO-10390,2026-05-31,4,The bed frame feels solid and well made for the dining table. Exactly like the photos.
HO-10455,2026-05-31,2,It took 6 weeks to arrive when the site said 5 days for the bookcase. Please sort out your delivery partner.
HO-10839,2026-05-31,2,The courier missed the delivery slot twice for the chest of drawers. Nobody told me why.
HO-10841,2026-05-31,4,"Great sale prices, saved a lot on the sofa for the wardrobe. Keep an eye on the sales."
HO-11299,2026-05-31,4,Bit pricey but the quality justifies it for the sofa. Happy overall.
HO-10528,2026-06-01,5,The bed frame feels solid and well made. Friends keep asking where it is from.
HO-10913,2026-06-01,3,Assembly was easy and took about an hour for the sofa. Would pay for assembly next time.
HO-11378,2026-06-01,5,"Gorgeous finish on the sideboard, looks expensive for the bed frame. Exactly like the photos."
HO-10480,2026-06-02,4,Good value for solid wood furniture for the coffee table. Keep an eye on the sales.
HO-10545,2026-06-02,5,"Very comfortable sofa, the fabric feels premium for the armchair. Friends keep asking where it is from."
HO-10667,2026-06-02,2,Still waiting for my refund after 8 weeks. Eventually sorted but it took far too long.
HO-10741,2026-06-02,2,Packaging was crushed and the bookshelf was split for the dining table. I had to send it back.
HO-10962,2026-06-02,2,Tracking said out for delivery for 9 days straight. I had to take another day off work.
HO-11301,2026-06-02,2,My order arrived 2 days later than promised for the bookcase. Nobody told me why.
HO-11388,2026-06-02,5,"Gorgeous finish on the sideboard, looks expensive for the chest of drawers. Friends keep asking where it is from."
HO-10160,2026-06-03,2,Assembly was easy and took about an hour for the wardrobe. Would pay for assembly next time.
HO-10173,2026-06-03,2,Tracking said out for delivery for 6 days straight. The table itself is fine once it finally arrived.
HO-10176,2026-06-03,2,They charged a restocking fee nobody mentioned for the sofa. Not good enough.
HO-10313,2026-06-03,1,The sofa arrived with a torn cushion for the chest of drawers. I had to send it back.
HO-10406,2026-06-03,2,My order arrived 8 days later than promised. Really frustrating experience.
HO-10756,2026-06-03,4,Customer service sorted my problem in one call for the armchair. Great service.
HO-10830,2026-06-03,3,Good value for solid wood furniture for the bed frame. Would recommend.
HO-11111,2026-06-03,5,"Lovely craftsmanship on the desk, no wobble at all for the bookcase. Really happy with it."
HO-11209,2026-06-03,2,Had to chase my refund 3 times by email for the armchair. Not good enough.
HO-11293,2026-06-03,2,Tracking said out for delivery for 5 days straight. Really frustrating experience.
HO-11325,2026-06-03,2,Tracking said out for delivery for 5 days straight for the sideboard. Really frustrating experience.
HO-10497,2026-06-04,2,It took 5 weeks to arrive when the site said 5 days for the armchair. I had to take another day off work.
HO-10535,2026-06-04,1,It took 8 weeks to arrive when the site said 5 days for the armchair. Nobody told me why.
HO-11082,2026-06-04,3,My order arrived 8 days later than promised for the armchair. Nobody told me why.
HO-11158,2026-06-04,2,Drawer front was chipped right out of the box for the sofa. Very disappointing for the price.
HO-11344,2026-06-04,1,Tracking said out for delivery for 8 days straight for the sofa. Please sort out your delivery partner.
HO-11366,2026-06-04,4,Sarah in customer care was incredibly helpful for the sideboard. Could not ask for more.
HO-10199,2026-06-05,1,Tracking said out for delivery for 7 days straight. Nobody told me why.
HO-10403,2026-06-05,5,The bookcase is heavy and properly built. Would buy again.
HO-10416,2026-06-05,3,Took 8 hours to put together the wardrobe. Would pay for assembly next time.
HO-10846,2026-06-05,3,Took 6 hours to put together the wardrobe. A video guide would help.
HO-10221,2026-06-06,1,Drawer front was chipped right out of the box. Still waiting for a replacement part.
HO-10394,2026-06-06,1,The wardrobe door came scratched and dented. I had to send it back.
HO-10565,2026-06-06,1,Returned the chair but the refund never came through for the bed frame. I will not order again.
HO-10583,2026-06-06,1,The app crashes every time I open my basket for the armchair. Gave up and called instead.
HO-10758,2026-06-06,1,The sofa arrived with a torn cushion for the coffee table. I had to send it back.
HO-10786,2026-06-06,3,A few screws were missing from the assembly pack for the wardrobe. A video guide would help.
HO-10838,2026-06-06,1,Website kept showing an error when I tried to pay for the dining table. Please fix the app.
HO-11015,2026-06-06,3,The diagrams in the manual did not match the parts for the bed frame. Would pay for assembly next time.
HO-11073,2026-06-06,1,Tracking said out for delivery for 4 days straight. I had to take another day off work.
HO-10277,2026-06-07,2,Took 7 hours to put together the wardrobe. Needed two people.
HO-10301,2026-06-07,4,Sarah in customer care was incredibly helpful for the dining table. Could not ask for more.
HO-10327,2026-06-07,5,The bed frame feels solid and well made for the sideboard. Exactly like the photos.
HO-10015,2026-06-08,1,One of the chair legs was cracked in the box. I had to send it back.
HO-10164,2026-06-08,3,Prices are fair compared to the high street for the sofa. Keep an eye on the sales.
HO-10438,2026-06-08,2,Delivery was delayed 6 times without any warning. I had to take another day off work.
HO-10537,2026-06-08,2,Took 2 hours to put together the wardrobe. Fine in the end.
HO-10822,2026-06-08,3,Took 8 hours to put together the wardrobe for the armchair. A video guide would help.
HO-10896,2026-06-08,4,The support team were friendly and quick to reply for the desk. Really reassuring.
HO-10972,2026-06-08,2,Assembly was easy and took about an hour for the chest of drawers. Needed two people.
HO-11122,2026-06-08,2,Delivery was delayed 2 times without any warning for the desk. Please sort out your delivery partner.
HO-11182,2026-06-08,5,The bed frame feels solid and well made for the armchair. Would buy again.
HO-10077,2026-06-09,2,A few screws were missing from the assembly pack. Would pay for assembly next time.
HO-10090,2026-06-09,5,"Gorgeous finish on the sideboard, looks expensive. Would buy again."
HO-10300,2026-06-09,1,Glass top of the coffee table was shattered on arrival for the bookcase. I had to send it back.
HO-10606,2026-06-09,4,Sarah in customer care was incredibly helpful for the chest of drawers. Made up for the earlier problem.
HO-10818,2026-06-09,1,Website kept showing an error when I tried to pay for the bed frame. Please fix the app.
HO-10881,2026-06-09,4,"Beautiful solid oak dining table, really sturdy for the chest of drawers. Exactly like the photos."
HO-11042,2026-06-09,2,The app crashed during checkout and charged me twice for the wardrobe. Gave up and called instead.
HO-10813,2026-06-10,1,Drawer front was chipped right out of the box for the desk. Clearly packed badly.
HO-11162,2026-06-10,5,Live chat agent arranged a replacement the same day for the bookcase. Made up for the earlier problem.
HO-11342,2026-06-10,2,My order arrived 9 days later than promised for the sofa. Really frustrating experience.
HO-11391,2026-06-10,1,Drawer front was chipped right out of the box for the wardrobe. Still waiting for a replacement part.
HO-10068,2026-06-11,1,Estimated delivery kept moving back week after week for the wardrobe. The table itself is fine once it finally arrived.
HO-10387,2026-06-11,1,One of the chair legs was cracked in the box for the coffee table. Very disappointing for the price.
HO-10509,2026-06-11,4,The support team were friendly and quick to reply for the sideboard. Really reassuring.
HO-10887,2026-06-11,3,"Great sale prices, saved a lot on the sofa for the desk. Not sure it is worth full price."
HO-10211,2026-06-12,2,The app crashes every time I open my basket for the bookcase. Gave up and called instead.
HO-10724,2026-06-12,3,Customer service sorted my problem in one call for the sofa. Really reassuring.
HO-10918,2026-06-12,1,One of the chair legs was cracked in the box for the armchair. I had to send it back.
HO-10968,2026-06-12,4,"Great quality wood, much better than flat pack brands for the coffee table. Friends keep asking where it is from."
HO-11107,2026-06-12,2,Delivery was delayed 7 times without any warning. Please sort out your delivery partner.
HO-11246,2026-06-12,1,The app crashes every time I open my basket for the chest of drawers. Gave up and called instead.
HO-11247,2026-06-12,3,"Great sale prices, saved a lot on the sofa for the sofa. Keep an eye on the sales."
HO-10048,2026-06-13,1,Glass top of the coffee table was shattered on arrival for the armchair. Still waiting for a replacement part.
HO-10060,2026-06-13,2,The courier missed the delivery slot twice. I had to take another day off work.
HO-10774,2026-06-13,2,It took 2 weeks to arrive when the site said 5 days. Nobody told me why.
HO-10857,2026-06-13,5,Sarah in customer care was incredibly helpful for the sofa. Could not ask for more.
HO-10929,2026-06-13,2,Returned the chair but the refund never came through for the dining table. Not good enough.
HO-11395,2026-06-13,5,"Very comfortable sofa, the fabric feels premium for the desk. Friends keep asking where it is from."
HO-10448,2026-06-14,1,It took 3 weeks to arrive when the site said 5 days. I had to take another day off work.
HO-10661,2026-06-14,3,App logged me out and lost my saved items for the wardrobe. Gave up and called instead.
HO-10812,2026-06-14,5,"Great quality wood, much better than flat pack brands for the bed frame. Worth every penny."
HO-11171,2026-06-14,2,Had to chase my refund 4 times by email for the chest of drawers. Eventually sorted but it took far too long.
HO-11249,2026-06-14,2,Delivery was delayed 5 times without any warning. Really frustrating experience.
HO-11270,2026-06-14,2,My order arrived 8 days later than promised for the wardrobe. Please sort out your delivery partner.
HO-11371,2026-06-14,3,Took 3 hours to put together the wardrobe for the sideboard. Would pay for assembly next time.
HO-10411,2026-06-15,1,Estimated delivery kept moving back week after week for the armchair. I had to take another day off work.
HO-10590,2026-06-15,5,"Beautiful solid oak dining table, really sturdy for the sofa. Exactly like the photos."
HO-10664,2026-06-15,5,The bookcase is heavy and properly built for the wardrobe. Would buy again.
HO-10808,2026-06-15,4,Bit pricey but the quality justifies it for the desk. Happy overall.
HO-10964,2026-06-15,2,Packaging was crushed and the bookshelf was split for the sofa. I had to send it back.
HO-11275,2026-06-15,5,"Beautiful solid oak dining table, really sturdy for the bookcase. Would buy again."
HO-11303,2026-06-15,1,Delivery was delayed 8 times without any warning. Please sort out your delivery partner.
HO-11343,2026-06-15,1,App logged me out and lost my saved items for the bookcase. Very annoying.
HO-10070,2026-06-16,4,The bed frame feels solid and well made. Exactly like the photos.
HO-10220,2026-06-16,5,The bed frame feels solid and well made for the desk. Friends keep asking where it is from.
HO-11074,2026-06-16,3,My order arrived 3 days later than promised for the sideboard. I had to take another day off work.
HO-11078,2026-06-16,5,"Great quality wood, much better than flat pack brands for the armchair. Friends keep asking where it is from."
HO-10049,2026-06-17,1,Had to chase my refund 4 times by email. Very poor.
HO-10089,2026-06-17,4,Prices are fair compared to the high street. Not sure it is worth full price.
HO-10119,2026-06-17,4,Bit pricey but the quality justifies it for the chest of drawers. Not sure it is worth full price.
HO-10275,2026-06-17,2,Still waiting for my refund after 2 weeks. Eventually sorted but it took far too long.
HO-10538,2026-06-17,5,"Beautiful solid oak dining table, really sturdy for the sofa. Would buy again."
HO-10721,2026-06-17,1,Checkout on the app keeps freezing at payment for the coffee table. Please fix the app.
HO-10978,2026-06-17,2,Took 3 hours to put together the wardrobe. Would pay for assembly next time.
HO-11145,2026-06-17,4,Expensive for what you get honestly for the dining table. Happy overall.
HO-10481,2026-06-18,2,The sofa arrived with a torn cushion for the armchair. Clearly packed badly.
HO-10588,2026-06-18,1,Drawer front was chipped right out of the box for the chest of drawers. Still waiting for a replacement part.
HO-10720,2026-06-18,1,It took 6 weeks to arrive when the site said 5 days. The table itself is fine once it finally arrived.
HO-10852,2026-06-18,5,"Lovely craftsmanship on the desk, no wobble at all for the bookcase. Worth every penny."
HO-11002,2026-06-18,3,Prices are fair compared to the high street for the bookcase. Would recommend.
HO-11012,2026-06-18,4,Sarah in customer care was incredibly helpful for the bookcase. Made up for the earlier problem.
HO-11115,2026-06-18,4,The support team were friendly and quick to reply for the bookcase. Great service.
HO-10186,2026-06-19,2,The wardrobe door came scratched and dented for the coffee table. Still waiting for a replacement part.
HO-10265,2026-06-19,5,The bookcase is heavy and properly built. Really happy with it.
HO-10306,2026-06-19,4,Support answered my email within an hour. Could not ask for more.
HO-10393,2026-06-19,5,"Beautiful solid oak dining table, really sturdy. Really happy with it."
HO-10500,2026-06-19,2,Had to chase my refund 7 times by email for the desk. Not good enough.
HO-10687,2026-06-19,2,Estimated delivery kept moving back week after week for the bookcase. Really frustrating experience.
HO-10835,2026-06-19,5,Support answered my email within an hour for the bed frame. Could not ask for more.
HO-11191,2026-06-19,5,Support answered my email within an hour for the sideboard. Really reassuring.
HO-10611,2026-06-20,2,Returned the chair but the refund never came through for the armchair. Not good enough.
HO-10908,2026-06-20,2,Refund took over a month to appear on my card for the chest of drawers. Eventually sorted but it took far too long.
HO-11086,2026-06-20,4,"Lovely craftsmanship on the desk, no wobble at all for the sideboard. Would buy again."
HO-11132,2026-06-20,2,Checkout on the app keeps freezing at payment for the bed frame. Please fix the app.
HO-11187,2026-06-20,5,"Lovely craftsmanship on the desk, no wobble at all for the coffee table. Friends keep asking where it is from."
HO-11240,2026-06-20,1,Still waiting for my refund after 3 weeks. Very poor.
HO-10376,2026-06-21,5,The support team were friendly and quick to reply for the sofa. Great service.
HO-10768,2026-06-21,1,Waited all day at home and the van never came for the sideboard. I had to take another day off work.
HO-10945,2026-06-21,4,Bit pricey but the quality justifies it for the wardrobe. Would recommend.
HO-11381,2026-06-21,2,Took 3 hours to put together the wardrobe for the armchair. Would pay for assembly next time.
HO-10099,2026-06-22,2,Packaging was crushed and the bookshelf was split. I had to send it back.
HO-10166,2026-06-22,3,"Clear instructions, the bed went together quickly for the chest of drawers. A video guide would help."
HO-10182,2026-06-22,2,Website kept showing an error when I tried to pay for the sideboard. Gave up and called instead.
HO-11141,2026-06-22,5,"Very comfortable sofa, the fabric feels premium for the coffee table. Would buy again."
HO-11183,2026-06-22,2,Took 9 hours to put together the wardrobe. Needed two people.
HO-11271,2026-06-22,1,The sofa arrived with a torn cushion for the bookcase. Clearly packed badly.
HO-10167,2026-06-23,1,The sofa arrived with a torn cushion. Still waiting for a replacement part.
HO-10307,2026-06-23,1,Had to chase my refund 7 times by email. I will not order again.
HO-10501,2026-06-23,3,The app crashed during checkout and charged me twice. Very annoying.
HO-10672,2026-06-23,4,Expensive for what you get honestly for the sideboard. Keep an eye on the sales.
HO-10673,2026-06-23,4,"Great quality wood, much better than flat pack brands for the dining table. Would buy again."
HO-10682,2026-06-23,4,"Beautiful solid oak dining table, really sturdy for the bookcase. Worth every penny."
HO-10771,2026-06-23,1,Still waiting for my refund after 7 weeks for the dining table. I will not order again.
HO-10811,2026-06-23,5,"Very comfortable sofa, the fabric feels premium for the desk. Would buy again."
HO-10828,2026-06-23,1,Estimated delivery kept moving back week after week for the dining table. The table itself is fine once it finally arrived.
HO-11210,2026-06-23,1,Returned the chair but the refund never came through for the bed frame. Very poor.
HO-10010,2026-06-24,5,The support team were friendly and quick to reply. Great service.
HO-10218,2026-06-24,2,Still waiting for my refund after 9 weeks for the sofa. Very poor.
HO-10391,2026-06-24,2,Tracking said out for delivery for 2 days straight. Please sort out your delivery partner.
HO-10392,2026-06-24,4,Sarah in customer care was incredibly helpful for the desk. Really reassuring.
HO-10428,2026-06-24,2,Had to chase my refund 5 times by email. Eventually sorted but it took far too long.
HO-10461,2026-06-24,2,Had to chase my refund 9 times by email. Eventually sorted but it took far too long.
HO-10826,2026-06-24,3,"Great sale prices, saved a lot on the sofa for the bed frame. Keep an eye on the sales."
HO-10886,2026-06-24,2,Took 6 hours to put together the wardrobe for the chest of drawers. Would pay for assembly next time.
HO-11154,2026-06-24,4,The bookcase is heavy and properly built for the dining table. Would buy again.
HO-11174,2026-06-24,2,It took 7 weeks to arrive when the site said 5 days. The table itself is fine once it finally arrived.
HO-11238,2026-06-24,2,Estimated delivery kept moving back week after week for the chest of drawers. Please sort out your delivery partner.
HO-11306,2026-06-24,5,Customer service sorted my problem in one call for the sofa. Great service.
HO-10000,2026-06-25,1,Website kept showing an error when I tried to pay. Please fix the app.
HO-10596,2026-06-25,4,Bit pricey but the quality justifies it for the sofa. Would recommend.
HO-10618,2026-06-25,1,Tracking said out for delivery for 9 days straight. Really frustrating experience.
HO-10716,2026-06-25,4,Sarah in customer care was incredibly helpful for the sideboard. Great service.
HO-10760,2026-06-25,2,Took 4 hours to put together the wardrobe for the armchair. A video guide would help.
HO-10942,2026-06-25,2,Took 9 hours to put together the wardrobe for the sofa. A video guide would help.
HO-11059,2026-06-25,3,Customer service sorted my problem in one call for the armchair. Really reassuring.
HO-11084,2026-06-25,5,"Beautiful solid oak dining table, really sturdy for the armchair. Friends keep asking where it is from."
HO-11091,2026-06-25,2,Waited all day at home and the van never came for the coffee table. The table itself is fine once it finally arrived.
HO-11384,2026-06-25,2,My order arrived 6 days later than promised for the coffee table. I had to take another day off work.
HO-10123,2026-06-26,1,Delivery was delayed 6 times without any warning for the bed frame. Nobody told me why.
HO-10621,2026-06-26,2,The diagrams in the manual did not match the parts for the sideboard. Fine in the end.
HO-10653,2026-06-26,1,The courier missed the delivery slot twice for the bookcase. Please sort out your delivery partner.
HO-10939,2026-06-26,1,Delivery was delayed 5 times without any warning. I had to take another day off work.
HO-11011,2026-06-26,3,Support answered my email within an hour for the sofa. Could not ask for more.
HO-11104,2026-06-26,1,Website kept showing an error when I tried to pay for the bed frame. Gave up and called instead.
HO-11186,2026-06-26,2,Took 9 hours to put together the wardrobe for the sideboard. Needed two people.
HO-11243,2026-06-26,2,Refund took over a month to appear on my card for the desk. Eventually sorted but it took far too long.
HO-10086,2026-06-27,5,"Gorgeous finish on the sideboard, looks expensive. Friends keep asking where it is from."
HO-10310,2026-06-27,2,Had to chase my refund 2 times by email. Very poor.
HO-10678,2026-06-27,4,Live chat agent arranged a replacement the same day for the bookcase. Really reassuring.
HO-10747,2026-06-27,1,Assembly instructions were confusing and missing steps for the chest of drawers. Fine in the end.
HO-10810,2026-06-27,1,Checkout on the app keeps freezing at payment for the chest of drawers. Very annoying.
HO-11245,2026-06-27,3,A few screws were missing from the assembly pack for the chest of drawers. A video guide would help.
HO-11397,2026-06-27,1,Estimated delivery kept moving back week after week for the wardrobe. Nobody told me why.
HO-10130,2026-06-28,3,"Great sale prices, saved a lot on the sofa. Keep an eye on the sales."
HO-10495,2026-06-28,2,Estimated delivery kept moving back week after week for the chest of drawers. Really frustrating experience.
HO-10577,2026-06-28,2,Drawer front was chipped right out of the box for the bookcase. Very disappointing for the price.
HO-10578,2026-06-28,2,Assembly was easy and took about an hour for the sideboard. Fine in the end.
HO-10753,2026-06-28,1,The wardrobe door came scratched and dented. Still waiting for a replacement part.
HO-11026,2026-06-28,1,Returned the chair but the refund never came through for the coffee table. I will not order again.
HO-11327,2026-06-28,1,Waited all day at home and the van never came for the dining table. I had to take another day off work.
HO-11335,2026-06-28,2,The courier missed the delivery slot twice for the coffee table. Really frustrating experience.
HO-11349,2026-06-28,1,Refund took over a month to appear on my card for the bookcase. Not good enough.
HO-10057,2026-06-29,4,"Gorgeous finish on the sideboard, looks expensive for the bookcase. Would buy again."
HO-10203,2026-06-29,1,The courier missed the delivery slot twice. Nobody told me why.
HO-10247,2026-06-29,1,Delivery was delayed 9 times without any warning. Nobody told me why.
HO-10350,2026-06-29,2,Still waiting for my refund after 7 weeks. Eventually sorted but it took far too long.
HO-10375,2026-06-29,1,They charged a restocking fee nobody mentioned for the coffee table. Not good enough.
HO-10420,2026-06-29,3,"Clear instructions, the bed went together quickly for the sofa. Needed two people."
HO-10527,2026-06-29,3,Assembly instructions were confusing and missing steps. Fine in the end.
HO-10657,2026-06-29,2,A few screws were missing from the assembly pack for the bookcase. Fine in the end.
HO-10662,2026-06-29,4,Support answered my email within an hour for the wardrobe. Could not ask for more.
HO-10697,2026-06-29,1,Had to chase my refund 4 times by email for the wardrobe. Very poor.
HO-10790,2026-06-29,2,Took 2 hours to put together the wardrobe. A video guide would help.
HO-10923,2026-06-29,2,It took 8 weeks to arrive when the site said 5 days for the armchair. I had to take another day off work.
HO-10974,2026-06-29,2,Had to chase my refund 8 times by email. I will not order again.
HO-10032,2026-06-30,4,The bed frame feels solid and well made. Really happy with it.
HO-10364,2026-06-30,1,The sofa arrived with a torn cushion for the armchair. I had to send it back.
HO-10579,2026-06-30,4,Took 5 hours to put together the wardrobe. Fine in the end.
HO-10736,2026-06-30,2,Drawer front was chipped right out of the box for the bed frame. I had to send it back.
HO-10842,2026-06-30,3,Live chat agent arranged a replacement the same day for the wardrobe. Could not ask for more.
HO-11181,2026-06-30,2,Packaging was crushed and the bookshelf was split for the desk. Very disappointing for the price.
HO-11235,2026-06-30,1,It took 6 weeks to arrive when the site said 5 days for the bed frame. I had to take another day off work.
HO-10458,2026-07-01,3,Tracking said out for delivery for 3 days straight for the dining table. I had to take another day off work.
HO-10937,2026-07-01,4,Customer service sorted my problem in one call for the chest of drawers. Really reassuring.
HO-10981,2026-07-01,2,The sofa arrived with a torn cushion for the sofa. Very disappointing for the price.
HO-10111,2026-07-02,4,Sarah in customer care was incredibly helpful for the bookcase. Could not ask for more.
HO-10217,2026-07-02,5,The bookcase is heavy and properly built for the sofa. Friends keep asking where it is from.
HO-10472,2026-07-02,4,"Beautiful solid oak dining table, really sturdy for the coffee table. Worth every penny."
HO-10544,2026-07-02,2,Drawer front was chipped right out of the box for the coffee table. Still waiting for a replacement part.
HO-10764,2026-07-02,1,Glass top of the coffee table was shattered on arrival for the bed frame. Very disappointing for the price.
HO-10829,2026-07-02,4,Prices are fair compared to the high street for the desk. Happy overall.
HO-11273,2026-07-02,1,Estimated delivery kept moving back week after week for the chest of drawers. Nobody told me why.
HO-11316,2026-07-02,1,The courier missed the delivery slot twice for the armchair. Please sort out your delivery partner.
HO-11358,2026-07-02,2,Took 5 hours to put together the wardrobe for the sideboard. Needed two people.
HO-11386,2026-07-02,1,My order arrived 9 days later than promised for the armchair. The table itself is fine once it finally arrived.
HO-10231,2026-07-03,5,"Gorgeous finish on the sideboard, looks expensive. Really happy with it."
HO-11173,2026-07-03,3,Took 2 hours to put together the wardrobe for the sideboard. A video guide would help.
HO-10755,2026-07-04,4,"Gorgeous finish on the sideboard, looks expensive for the bed frame. Worth every penny."
HO-10953,2026-07-04,5,"Great quality wood, much better than flat pack brands for the dining table. Really happy with it."
HO-10958,2026-07-04,1,App logged me out and lost my saved items for the sofa. Very annoying.
HO-11005,2026-07-04,5,"Lovely craftsmanship on the desk, no wobble at all for the sideboard. Worth every penny."
HO-11108,2026-07-04,2,Still waiting for my refund after 6 weeks for the armchair. Not good enough.
HO-10047,2026-07-05,2,Delivery was delayed 3 times without any warning. The table itself is fine once it finally arrived.
HO-10189,2026-07-05,2,Estimated delivery kept moving back week after week. Really frustrating experience.
HO-10407,2026-07-05,5,The support team were friendly and quick to reply. Made up for the earlier problem.
HO-10553,2026-07-05,4,Live chat agent arranged a replacement the same day for the sofa. Great service.
HO-10630,2026-07-05,1,Delivery was delayed 4 times without any warning. Please sort out your delivery partner.
HO-10652,2026-07-05,5,"Beautiful solid oak dining table, really sturdy for the desk. Exactly like the photos."
HO-11024,2026-07-05,5,The support team were friendly and quick to reply for the wardrobe. Great service.
HO-11110,2026-07-05,5,The bed frame feels solid and well made for the wardrobe. Worth every penny.
HO-11125,2026-07-05,3,Assembly instructions were confusing and missing steps for the wardrobe. Needed two people.
HO-11222,2026-07-05,2,Delivery was delayed 3 times without any warning for the chest of drawers. The table itself is fine once it finally arrived.
HO-10065,2026-07-06,4,Live chat agent arranged a replacement the same day. Really reassuring.
HO-10388,2026-07-06,2,Website kept showing an error when I tried to pay. Had to order on a laptop instead.
HO-10791,2026-07-06,2,Website kept showing an error when I tried to pay for the wardrobe. Please fix the app.
HO-10907,2026-07-06,1,The app crashed during checkout and charged me twice for the bookcase. Gave up and called instead.
HO-10979,2026-07-06,2,App logged me out and lost my saved items for the coffee table. Please fix the app.
HO-11128,2026-07-06,2,"Clear instructions, the bed went together quickly for the sofa. Fine in the end."
HO-11233,2026-07-06,2,The app crashes every time I open my basket for the sofa. Please fix the app.
HO-10025,2026-07-07,4,Live chat agent arranged a replacement the same day. Great service.
HO-10125,2026-07-07,2,It took 9 weeks to arrive when the site said 5 days. I had to take another day off work.
HO-10249,2026-07-07,2,The app crashes every time I open my basket for the bed frame. Very annoying.
HO-10293,2026-07-07,2,Returned the chair but the refund never came through for the dining table. Very poor.
HO-10833,2026-07-07,1,The app crashed during checkout and charged me twice for the wardrobe. Please fix the app.
HO-10963,2026-07-07,2,Packaging was crushed and the bookshelf was split for the bookcase. Clearly packed badly.
HO-11007,2026-07-07,2,The app crashed during checkout and charged me twice for the armchair. Please fix the app.
HO-11307,2026-07-07,3,Website kept showing an error when I tried to pay for the bed frame. Very annoying.
HO-11399,2026-07-07,2,Packaging was crushed and the bookshelf was split for the chest of drawers. Clearly packed badly.
HO-10038,2026-07-08,1,They charged a restocking fee nobody mentioned for the armchair. I will not order again.
HO-10206,2026-07-08,2,Tracking said out for delivery for 4 days straight. Please sort out your delivery partner.
HO-10477,2026-07-08,2,App logged me out and lost my saved items for the sideboard. Please fix the app.
HO-10564,2026-07-08,1,The app crashed during checkout and charged me twice for the bookcase. Had to order on a laptop instead.
HO-10592,2026-07-08,1,My order arrived 2 days later than promised. I had to take another day off work.
HO-10620,2026-07-08,2,The app crashed during checkout and charged me twice for the coffee table. Had to order on a laptop instead.
HO-10706,2026-07-08,3,The support team were friendly and quick to reply for the wardrobe. Made up for the earlier problem.
HO-10762,2026-07-08,1,The app crashed during checkout and charged me twice for the dining table. Had to order on a laptop instead.
HO-10819,2026-07-08,4,Good value for solid wood furniture for the bookcase. Would recommend.
HO-11067,2026-07-08,1,It took 7 weeks to arrive when the site said 5 days. Really frustrating experience.
HO-11166,2026-07-08,1,The app crashes every time I open my basket for the sideboard. Very annoying.
HO-10157,2026-07-09,1,Website kept showing an error when I tried to pay for the wardrobe. Very annoying.
HO-10194,2026-07-09,2,The app crashed during checkout and charged me twice for the chest of drawers. Had to order on a laptop instead.
HO-10302,2026-07-09,2,Checkout on the app keeps freezing at payment for the sideboard. Gave up and called instead.
HO-10362,2026-07-09,1,The app crashes every time I open my basket. Gave up and called instead.
HO-10505,2026-07-09,1,The sofa arrived with a torn cushion for the sofa. I had to send it back.
HO-10690,2026-07-09,3,Bit pricey but the quality justifies it for the bookcase. Happy overall.
HO-10705,2026-07-09,1,Tracking said out for delivery for 4 days straight for the coffee table. The table itself is fine once it finally arrived.
HO-10879,2026-07-09,1,Website kept showing an error when I tried to pay for the desk. Gave up and called instead.
HO-10933,2026-07-09,1,Website kept showing an error when I tried to pay for the chest of drawers. Very annoying.
HO-11389,2026-07-09,1,The app crashes every time I open my basket for the wardrobe. Very annoying.
HO-10106,2026-07-10,2,Checkout on the app keeps freezing at payment. Gave up and called instead.
HO-10457,2026-07-10,1,It took 2 weeks to arrive when the site said 5 days. The table itself is fine once it finally arrived.
HO-10605,2026-07-10,1,Had to chase my refund 6 times by email. Very poor.
HO-10781,2026-07-10,1,The app crashed during checkout and charged me twice for the dining table. Please fix the app.
HO-10783,2026-07-10,2,Delivery was delayed 3 times without any warning for the coffee table. The table itself is fine once it finally arrived.
HO-11019,2026-07-10,2,Delivery was delayed 4 times without any warning for the bookcase. Nobody told me why.
HO-11060,2026-07-10,2,Had to chase my refund 2 times by email. Not good enough.
HO-11097,2026-07-10,1,The app crashed during checkout and charged me twice for the desk. Gave up and called instead.
HO-11143,2026-07-10,2,The app crashes every time I open my basket for the dining table. Very annoying.
HO-11167,2026-07-10,1,App logged me out and lost my saved items for the desk. Gave up and called instead.
HO-11192,2026-07-10,1,Tracking said out for delivery for 2 days straight for the armchair. Nobody told me why.
HO-11367,2026-07-10,2,It took 3 weeks to arrive when the site said 5 days. Please sort out your delivery partner.
HO-10062,2026-07-11,3,Good value for solid wood furniture. Keep an eye on the sales.
HO-10253,2026-07-11,1,They charged a restocking fee nobody mentioned for the chest of drawers. Eventually sorted but it took far too long.
HO-10523,2026-07-11,2,Checkout on the app keeps freezing at payment. Please fix the app.
HO-10650,2026-07-11,1,The app crashes every time I open my basket. Had to order on a laptop instead.
HO-10739,2026-07-11,1,The app crashes every time I open my basket for the bed frame. Had to order on a laptop instead.
HO-10778,2026-07-11,1,Website kept showing an error when I tried to pay for the armchair. Gave up and called instead.
HO-11039,2026-07-11,3,Took 2 hours to put together the wardrobe for the bookcase. Fine in the end.
HO-11127,2026-07-11,1,The app crashes every time I open my basket for the chest of drawers. Please fix the app.
HO-11149,2026-07-11,2,Website kept showing an error when I tried to pay for the chest of drawers. Please fix the app.
HO-11207,2026-07-11,2,Delivery was delayed 4 times without any warning for the desk. Really frustrating experience.
HO-11208,2026-07-11,1,App logged me out and lost my saved items for the bed frame. Gave up and called instead.
HO-10096,2026-07-12,1,Tracking said out for delivery for 6 days straight. Nobody told me why.
HO-10110,2026-07-12,4,Prices are fair compared to the high street. Happy overall.
HO-10145,2026-07-12,1,The app crashed during checkout and charged me twice. Please fix the app.
HO-10201,2026-07-12,1,App logged me out and lost my saved items. Had to order on a laptop instead.
HO-10396,2026-07-12,1,Refund took over a month to appear on my card for the sideboard. I will not order again.
HO-10669,2026-07-12,2,App logged me out and lost my saved items for the dining table. Gave up and called instead.
HO-10223,2026-07-13,2,They charged a restocking fee nobody mentioned. I will not order again.
HO-10415,2026-07-13,1,Delivery was delayed 5 times without any warning. Please sort out your delivery partner.
HO-10463,2026-07-13,2,Assembly instructions were confusing and missing steps for the dining table. Fine in the end.
HO-10475,2026-07-13,1,One of the chair legs was cracked in the box for the bed frame. Clearly packed badly.
HO-10692,2026-07-13,5,"Gorgeous finish on the sideboard, looks expensive for the coffee table. Would buy again."
HO-10802,2026-07-13,5,The bed frame feels solid and well made for the sideboard. Friends keep asking where it is from.
HO-11018,2026-07-13,3,Bit pricey but the quality justifies it for the sofa. Keep an eye on the sales.
HO-11170,2026-07-13,3,Delivery was delayed 4 times without any warning. Nobody told me why.
HO-10246,2026-07-14,1,The sofa arrived with a torn cushion. Clearly packed badly.
HO-10263,2026-07-14,1,One of the chair legs was cracked in the box for the bookcase. Still waiting for a replacement part.
HO-10641,2026-07-14,3,The diagrams in the manual did not match the parts for the wardrobe. Would pay for assembly next time.
HO-10734,2026-07-14,3,Good value for solid wood furniture for the dining table. Keep an eye on the sales.
HO-10754,2026-07-14,3,Live chat agent arranged a replacement the same day for the armchair. Really reassuring.
HO-10869,2026-07-14,1,It took 5 weeks to arrive when the site said 5 days. Really frustrating experience.
HO-10895,2026-07-14,1,Had to chase my refund 6 times by email for the chest of drawers. Very poor.
HO-10988,2026-07-14,4,Expensive for what you get honestly for the desk. Happy overall.
HO-11085,2026-07-14,1,Returned the chair but the refund never came through for the dining table. I will not order again.
HO-11176,2026-07-14,4,Prices are fair compared to the high street for the chest of drawers. Not sure it is worth full price.
HO-11213,2026-07-14,2,Had to chase my refund 8 times by email for the sideboard. I will not order again.
HO-11272,2026-07-14,1,Estimated delivery kept moving back week after week for the desk. The table itself is fine once it finally arrived.
HO-10124,2026-07-15,5,"Gorgeous finish on the sideboard, looks expensive for the dining table. Friends keep asking where it is from."
HO-10418,2026-07-15,2,Assembly was easy and took about an hour for the bookcase. Needed two people.
HO-10597,2026-07-15,1,Waited all day at home and the van never came for the sofa. I had to take another day off work.
HO-10749,2026-07-15,1,Waited all day at home and the van never came for the coffee table. Nobody told me why.
HO-10827,2026-07-15,2,They charged a restocking fee nobody mentioned for the dining table. I will not order again.
HO-10925,2026-07-15,1,Glass top of the coffee table was shattered on arrival for the coffee table. Still waiting for a replacement part.
HO-11045,2026-07-15,4,"Great quality wood, much better than flat pack brands for the coffee table. Would buy again."
HO-11066,2026-07-15,2,The app crashes every time I open my basket for the bed frame. Gave up and called instead.
HO-11354,2026-07-15,2,My order arrived 3 days later than promised for the coffee table. Nobody told me why.
HO-10043,2026-07-16,5,"Great quality wood, much better than flat pack brands. Really happy with it."
HO-10230,2026-07-16,3,"Clear instructions, the bed went together quickly for the armchair. Would pay for assembly next time."
HO-10622,2026-07-16,1,One of the chair legs was cracked in the box for the chest of drawers. I had to send it back.
HO-10788,2026-07-16,2,Waited all day at home and the van never came for the wardrobe. I had to take another day off work.
HO-10792,2026-07-16,1,The app crashes every time I open my basket for the coffee table. Gave up and called instead.
HO-10856,2026-07-16,3,Live chat agent arranged a replacement the same day for the dining table. Great service.
HO-10051,2026-07-17,1,Drawer front was chipped right out of the box. I had to send it back.
HO-10109,2026-07-17,4,Expensive for what you get honestly. Happy overall.
HO-10131,2026-07-17,1,Packaging was crushed and the bookshelf was split for the wardrobe. I had to send it back.
HO-10165,2026-07-17,3,Good value for solid wood furniture for the dining table. Not sure it is worth full price.
HO-10303,2026-07-17,2,Returned the chair but the refund never came through for the chest of drawers. I will not order again.
HO-10334,2026-07-17,4,Customer service sorted my problem in one call for the dining table. Made up for the earlier problem.
HO-11131,2026-07-17,3,Delivery was delayed 5 times without any warning for the chest of drawers. Really frustrating experience.
HO-11136,2026-07-17,1,Checkout on the app keeps freezing at payment for the sideboard. Please fix the app.
HO-11256,2026-07-17,1,The wardrobe door came scratched and dented for the dining table. Still waiting for a replacement part.
HO-10234,2026-07-18,1,Tracking said out for delivery for 4 days straight for the bookcase. Please sort out your delivery partner.
HO-10273,2026-07-18,4,Sarah in customer care was incredibly helpful for the armchair. Could not ask for more.
HO-10355,2026-07-18,4,Sarah in customer care was incredibly helpful for the desk. Great service.
HO-10708,2026-07-18,3,They charged a restocking fee nobody mentioned for the wardrobe. Not good enough.
HO-10880,2026-07-18,3,Good value for solid wood furniture for the coffee table. Would recommend.
HO-10936,2026-07-18,4,The bed frame feels solid and well made for the desk. Exactly like the photos.
HO-10998,2026-07-18,4,Live chat agent arranged a replacement the same day for the chest of drawers. Really reassuring.
HO-11317,2026-07-18,2,It took 9 weeks to arrive when the site said 5 days. Really frustrating experience.
HO-10046,2026-07-19,4,Support answered my email within an hour for the coffee table. Great service.
HO-10084,2026-07-19,1,My order arrived 6 days later than promised. Really frustrating experience.
HO-10248,2026-07-19,1,Delivery was delayed 2 times without any warning for the wardrobe. Nobody told me why.
HO-10311,2026-07-19,5,Support answered my email within an hour for the coffee table. Could not ask for more.
HO-10446,2026-07-19,4,Bit pricey but the quality justifies it for the bookcase. Not sure it is worth full price.
HO-10471,2026-07-19,5,"Lovely craftsmanship on the desk, no wobble at all for the bed frame. Friends keep asking where it is from."
HO-10804,2026-07-19,1,My order arrived 4 days later than promised. Nobody told me why.
HO-11394,2026-07-19,2,Delivery was delayed 8 times without any warning for the desk. The table itself is fine once it finally arrived.
HO-10064,2026-07-20,4,Customer service sorted my problem in one call. Made up for the earlier problem.
HO-10219,2026-07-20,3,"Clear instructions, the bed went together quickly. Needed two people."
HO-10222,2026-07-20,3,Took 7 hours to put together the wardrobe for the bookcase. Fine in the end.
HO-10373,2026-07-20,5,"Great sale prices, saved a lot on the sofa. Not sure it is worth full price."
HO-10554,2026-07-20,1,Still waiting for my refund after 6 weeks for the sofa. Very poor.
HO-10823,2026-07-20,1,Took 8 hours to put together the wardrobe for the desk. Fine in the end.
HO-11006,2026-07-20,3,Took 4 hours to put together the wardrobe for the bed frame. Needed two people.
HO-11109,2026-07-20,5,Good value for solid wood furniture for the bed frame. Happy overall.
HO-11188,2026-07-20,4,"Gorgeous finish on the sideboard, looks expensive for the bed frame. Friends keep asking where it is from."
HO-11278,2026-07-20,5,Prices are fair compared to the high street for the desk. Not sure it is worth full price.
HO-10005,2026-07-21,3,Good value for solid wood furniture for the wardrobe. Would recommend.
HO-10369,2026-07-21,1,Delivery was delayed 5 times without any warning for the chest of drawers. The table itself is fine once it finally arrived.
HO-10374,2026-07-21,1,Tracking said out for delivery for 8 days straight for the chest of drawers. Really frustrating experience.
HO-10426,2026-07-21,3,"Great sale prices, saved a lot on the sofa. Would recommend."
HO-10473,2026-07-21,5,"Gorgeous finish on the sideboard, looks expensive for the chest of drawers. Worth every penny."
HO-10557,2026-07-21,1,The app crashed during checkout and charged me twice for the dining table. Gave up and called instead.
HO-10591,2026-07-21,5,The bed frame feels solid and well made for the bed frame. Really happy with it.
HO-11054,2026-07-21,1,One of the chair legs was cracked in the box for the sofa. I had to send it back.
HO-10108,2026-07-22,4,"Lovely craftsmanship on the desk, no wobble at all. Would buy again."
HO-10242,2026-07-22,4,Bit pricey but the quality justifies it for the sofa. Not sure it is worth full price.
HO-10419,2026-07-22,2,The diagrams in the manual did not match the parts for the dining table. Would pay for assembly next time.
HO-10775,2026-07-22,1,It took 5 weeks to arrive when the site said 5 days for the sideboard. Nobody told me why.
HO-11076,2026-07-22,2,My order arrived 8 days later than promised for the desk. The table itself is fine once it finally arrived.
HO-10045,2026-07-23,1,Refund took over a month to appear on my card for the armchair. I will not order again.
HO-10204,2026-07-23,3,Customer service sorted my problem in one call for the coffee table. Great service.
HO-10224,2026-07-23,1,Glass top of the coffee table was shattered on arrival. Clearly packed badly.
HO-10236,2026-07-23,3,The courier missed the delivery slot twice for the desk. I had to take another day off work.
HO-10314,2026-07-23,1,Checkout on the app keeps freezing at payment. Had to order on a laptop instead.
HO-10515,2026-07-23,2,It took 3 weeks to arrive when the site said 5 days. The table itself is fine once it finally arrived.
HO-10645,2026-07-23,1,It took 8 weeks to arrive when the site said 5 days. Really frustrating experience.
HO-11385,2026-07-23,1,It took 6 weeks to arrive when the site said 5 days. I had to take another day off work.
HO-10233,2026-07-24,5,Prices are fair compared to the high street for the bed frame. Keep an eye on the sales.
HO-10485,2026-07-24,3,Had to chase my refund 9 times by email. Not good enough.
HO-10580,2026-07-24,1,Still waiting for my refund after 4 weeks. Eventually sorted but it took far too long.
HO-10903,2026-07-24,2,Packaging was crushed and the bookshelf was split for the armchair. Very disappointing for the price.
HO-11262,2026-07-24,4,Live chat agent arranged a replacement the same day for the armchair. Great service.
HO-10122,2026-07-25,1,My order arrived 3 days later than promised. I had to take another day off work.
HO-10324,2026-07-25,4,Support answered my email within an hour for the wardrobe. Really reassuring.
HO-10616,2026-07-25,4,Customer service sorted my problem in one call for the wardrobe. Made up for the earlier problem.
HO-10898,2026-07-25,5,The bookcase is heavy and properly built for the chest of drawers. Exactly like the photos.
HO-10948,2026-07-25,2,Tracking said out for delivery for 4 days straight for the sideboard. The table itself is fine once it finally arrived.
HO-10994,2026-07-25,1,Still waiting for my refund after 4 weeks. Not good enough.
HO-11063,2026-07-25,5,"Great quality wood, much better than flat pack brands for the chest of drawers. Exactly like the photos."
HO-11112,2026-07-25,3,A few screws were missing from the assembly pack for the wardrobe. Would pay for assembly next time.
HO-11218,2026-07-25,2,Still waiting for my refund after 6 weeks for the desk. I will not order again.
HO-10240,2026-07-26,2,Checkout on the app keeps freezing at payment for the desk. Very annoying.
HO-10712,2026-07-26,3,"Great sale prices, saved a lot on the sofa for the coffee table. Keep an eye on the sales."
HO-10733,2026-07-26,2,Took 7 hours to put together the wardrobe. Would pay for assembly next time.
HO-10785,2026-07-26,1,My order arrived 8 days later than promised. I had to take another day off work.
HO-10853,2026-07-26,4,"Beautiful solid oak dining table, really sturdy for the dining table. Exactly like the photos."
HO-10899,2026-07-26,2,The diagrams in the manual did not match the parts for the desk. Needed two people.
HO-10806,2026-07-27,1,Refund took over a month to appear on my card for the bookcase. Very poor.
HO-10859,2026-07-27,2,Checkout on the app keeps freezing at payment for the bookcase. Very annoying.
HO-10960,2026-07-27,2,Still waiting for my refund after 3 weeks. Eventually sorted but it took far too long.
HO-10993,2026-07-27,1,Delivery was delayed 8 times without any warning for the dining table. Please sort out your delivery partner.
HO-11031,2026-07-27,2,Drawer front was chipped right out of the box for the armchair. Very disappointing for the price.
HO-11139,2026-07-27,3,Waited all day at home and the van never came for the bookcase. Really frustrating experience.
HO-11177,2026-07-27,4,"Beautiful solid oak dining table, really sturdy for the desk. Really happy with it."
HO-10180,2026-07-28,4,"Great sale prices, saved a lot on the sofa. Happy overall."
HO-10351,2026-07-28,2,Tracking said out for delivery for 6 days straight. Really frustrating experience.
HO-10397,2026-07-28,5,The bookcase is heavy and properly built for the armchair. Would buy again.
HO-10445,2026-07-28,2,Refund took over a month to appear on my card. Not good enough.
HO-10674,2026-07-28,5,Sarah in customer care was incredibly helpful for the coffee table. Really reassuring.
HO-10868,2026-07-28,2,My order arrived 6 days later than promised. The table itself is fine once it finally arrived.
HO-10965,2026-07-28,1,Had to chase my refund 7 times by email. Very poor.
HO-10067,2026-07-29,1,Delivery was delayed 8 times without any warning. The table itself is fine once it finally arrived.
HO-10227,2026-07-29,2,The wardrobe door came scratched and dented. Very disappointing for the price.
HO-10366,2026-07-29,1,Returned the chair but the refund never came through for the bed frame. Eventually sorted but it took far too long.
HO-10468,2026-07-29,1,My order arrived 2 days later than promised for the sideboard. Really frustrating experience.
HO-10688,2026-07-29,1,Assembly was easy and took about an hour for the sofa. Fine in the end.
HO-11338,2026-07-29,4,The support team were friendly and quick to reply for the desk. Could not ask for more.
HO-10213,2026-07-30,2,Delivery was delayed 9 times without any warning for the bookcase. Nobody told me why.
HO-10214,2026-07-30,4,"Great quality wood, much better than flat pack brands. Worth every penny."
HO-10270,2026-07-30,2,The app crashes every time I open my basket for the wardrobe. Gave up and called instead.
HO-10649,2026-07-30,2,Refund took over a month to appear on my card for the bed frame. Eventually sorted but it took far too long.
HO-11064,2026-07-30,1,Took 4 hours to put together the wardrobe. Needed two people.
HO-11159,2026-07-30,1,Delivery was delayed 8 times without any warning for the desk. Please sort out your delivery partner.
HO-11225,2026-07-30,5,The bookcase is heavy and properly built for the bed frame. Exactly like the photos.
HO-10198,2026-07-31,1,Estimated delivery kept moving back week after week. I had to take another day off work.
HO-10295,2026-07-31,1,The courier missed the delivery slot twice for the sofa. The table itself is fine once it finally arrived.
HO-10363,2026-07-31,2,Delivery was delayed 2 times without any warning for the bookcase. The table itself is fine once it finally arrived.
HO-10469,2026-07-31,5,"Great quality wood, much better than flat pack brands for the coffee table. Really happy with it."
HO-10730,2026-07-31,2,My order arrived 6 days later than promised. I had to take another day off work.
HO-10949,2026-07-31,2,"Clear instructions, the bed went together quickly for the bed frame. Would pay for assembly next time."
HO-11147,2026-07-31,4,The bookcase is heavy and properly built for the chest of drawers. Really happy with it.
HO-11157,2026-07-31,1,Checkout on the app keeps freezing at payment for the dining table. Very annoying.
HO-11161,2026-07-31,2,Tracking said out for delivery for 8 days straight. Please sort out your delivery partner.
HO-11348,2026-07-31,1,My order arrived 8 days later than promised for the sideboard. Please sort out your delivery partner.
HO-10018,2026-08-01,3,Support answered my email within an hour. Great service.
HO-10460,2026-08-01,2,"Clear instructions, the bed went together quickly. A video guide would help."
HO-10679,2026-08-01,2,The app crashed during checkout and charged me twice for the chest of drawers. Very annoying.
HO-10798,2026-08-01,2,Checkout on the app keeps freezing at payment for the desk. Please fix the app.
HO-10816,2026-08-01,2,App logged me out and lost my saved items for the coffee table. Gave up and called instead.
HO-10844,2026-08-01,1,Checkout on the app keeps freezing at payment for the armchair. Please fix the app.
HO-11323,2026-08-01,2,Had to chase my refund 9 times by email. Very poor.
HO-11324,2026-08-01,2,My order arrived 5 days later than promised for the wardrobe. I had to take another day off work.
HO-11374,2026-08-01,4,Expensive for what you get honestly for the chest of drawers. Happy overall.
HO-10014,2026-08-02,5,"Lovely craftsmanship on the desk, no wobble at all for the chest of drawers. Friends keep asking where it is from."
HO-10330,2026-08-02,5,The bed frame feels solid and well made for the dining table. Worth every penny.
HO-10349,2026-08-02,4,Customer service sorted my problem in one call for the bed frame. Made up for the earlier problem.
HO-10395,2026-08-02,2,App logged me out and lost my saved items for the bookcase. Gave up and called instead.
HO-10917,2026-08-02,4,Bit pricey but the quality justifies it for the dining table. Keep an eye on the sales.
HO-11101,2026-08-02,5,"Very comfortable sofa, the fabric feels premium for the sofa. Worth every penny."
HO-11185,2026-08-02,4,The support team were friendly and quick to reply for the bed frame. Could not ask for more.
HO-10012,2026-08-03,1,Still waiting for my refund after 2 weeks. I will not order again.
HO-10309,2026-08-03,4,Bit pricey but the quality justifies it for the bed frame. Not sure it is worth full price.
HO-10681,2026-08-03,1,Waited all day at home and the van never came for the armchair. Really frustrating experience.
HO-10761,2026-08-03,2,The diagrams in the manual did not match the parts for the dining table. Fine in the end.
HO-10861,2026-08-03,4,"Lovely craftsmanship on the desk, no wobble at all for the dining table. Friends keep asking where it is from."
HO-10894,2026-08-03,2,One of the chair legs was cracked in the box for the dining table. Clearly packed badly.
HO-10904,2026-08-03,2,Tracking said out for delivery for 9 days straight for the coffee table. Nobody told me why.
HO-11020,2026-08-03,4,Good value for solid wood furniture for the chest of drawers. Keep an eye on the sales.
HO-11089,2026-08-03,4,The bed frame feels solid and well made for the bookcase. Would buy again.
HO-11315,2026-08-03,1,It took 7 weeks to arrive when the site said 5 days for the armchair. Nobody told me why.
HO-10292,2026-08-04,4,"Gorgeous finish on the sideboard, looks expensive for the chest of drawers. Really happy with it."
HO-10354,2026-08-04,2,Refund took over a month to appear on my card for the bed frame. I will not order again.
HO-10365,2026-08-04,4,Sarah in customer care was incredibly helpful for the wardrobe. Could not ask for more.
HO-10486,2026-08-04,2,The app crashed during checkout and charged me twice for the coffee table. Gave up and called instead.
HO-10526,2026-08-04,2,One of the chair legs was cracked in the box for the wardrobe. I had to send it back.
HO-10638,2026-08-04,1,My order arrived 9 days later than promised for the sideboard. Nobody told me why.
HO-10877,2026-08-04,5,"Beautiful solid oak dining table, really sturdy for the sofa. Worth every penny."
HO-11027,2026-08-04,2,App logged me out and lost my saved items for the armchair. Gave up and called instead.
HO-11099,2026-08-04,4,"Great quality wood, much better than flat pack brands for the sofa. Worth every penny."
HO-11126,2026-08-04,3,Took 6 hours to put together the wardrobe for the wardrobe. Would pay for assembly next time.
HO-11138,2026-08-04,3,A few screws were missing from the assembly pack for the sideboard. Would pay for assembly next time.
HO-10013,2026-08-05,4,"Gorgeous finish on the sideboard, looks expensive for the sofa. Exactly like the photos."
HO-10107,2026-08-05,2,Took 2 hours to put together the wardrobe for the wardrobe. Would pay for assembly next time.
HO-10470,2026-08-05,4,Bit pricey but the quality justifies it for the bookcase. Would recommend.
HO-10740,2026-08-05,4,The bed frame feels solid and well made for the chest of drawers. Friends keep asking where it is from.
HO-10920,2026-08-05,2,Tracking said out for delivery for 4 days straight. The table itself is fine once it finally arrived.
HO-11030,2026-08-05,4,Sarah in customer care was incredibly helpful for the wardrobe. Great service.
HO-11057,2026-08-05,5,The bed frame feels solid and well made for the coffee table. Exactly like the photos.
HO-11229,2026-08-05,3,Assembly instructions were confusing and missing steps for the desk. Needed two people.
HO-11292,2026-08-05,1,The app crashed during checkout and charged me twice for the armchair. Had to order on a laptop instead.
HO-11302,2026-08-05,5,Live chat agent arranged a replacement the same day for the sofa. Made up for the earlier problem.
HO-10346,2026-08-06,1,Tracking said out for delivery for 3 days straight. Please sort out your delivery partner.
HO-10436,2026-08-06,3,Checkout on the app keeps freezing at payment for the wardrobe. Had to order on a laptop instead.
HO-11025,2026-08-06,2,Estimated delivery kept moving back week after week for the bed frame. Please sort out your delivery partner.
HO-11087,2026-08-06,4,The bed frame feels solid and well made for the wardrobe. Exactly like the photos.
HO-11326,2026-08-06,3,The support team were friendly and quick to reply for the dining table. Great service.
HO-11340,2026-08-06,5,"Gorgeous finish on the sideboard, looks expensive for the bed frame. Really happy with it."
HO-10430,2026-08-07,2,The diagrams in the manual did not match the parts for the armchair. Would pay for assembly next time.
HO-10506,2026-08-07,4,Expensive for what you get honestly for the wardrobe. Would recommend.
HO-11135,2026-08-07,2,Returned the chair but the refund never came through for the chest of drawers. Eventually sorted but it took far too long.
HO-11142,2026-08-07,4,Expensive for what you get honestly for the desk. Not sure it is worth full price.
HO-11200,2026-08-07,3,"Clear instructions, the bed went together quickly for the sideboard. Fine in the end."
HO-11203,2026-08-07,4,"Beautiful solid oak dining table, really sturdy for the desk. Friends keep asking where it is from."
HO-11339,2026-08-07,4,The bed frame feels solid and well made for the sofa. Really happy with it.
HO-11350,2026-08-07,2,"Clear instructions, the bed went together quickly for the bookcase. A video guide would help."
HO-10033,2026-08-08,5,"Beautiful solid oak dining table, really sturdy for the chest of drawers. Would buy again."
HO-10372,2026-08-08,2,Waited all day at home and the van never came for the bookcase. Please sort out your delivery partner.
HO-10498,2026-08-08,2,Estimated delivery kept moving back week after week for the desk. I had to take another day off work.
HO-10573,2026-08-08,4,Took 2 hours to put together the wardrobe. Needed two people.
HO-10725,2026-08-08,1,Packaging was crushed and the bookshelf was split for the armchair. Clearly packed badly.
HO-11038,2026-08-08,1,Website kept showing an error when I tried to pay for the desk. Had to order on a laptop instead.
HO-11053,2026-08-08,2,My order arrived 5 days later than promised for the sideboard. Please sort out your delivery partner.
HO-11165,2026-08-08,5,"Very comfortable sofa, the fabric feels premium for the bookcase. Would buy again."
HO-11219,2026-08-08,1,It took 7 weeks to arrive when the site said 5 days for the bed frame. I had to take another day off work.
HO-10516,2026-08-09,3,Took 9 hours to put together the wardrobe. Fine in the end.
HO-10608,2026-08-09,3,Took 2 hours to put together the wardrobe for the coffee table. A video guide would help.
HO-10922,2026-08-09,2,Glass top of the coffee table was shattered on arrival for the desk. I had to send it back.
HO-11230,2026-08-09,2,They charged a restocking fee nobody mentioned for the sofa. I will not order again.
HO-11251,2026-08-09,2,Website kept showing an error when I tried to pay for the dining table. Very annoying.
HO-11346,2026-08-09,4,Assembly instructions were confusing and missing steps for the desk. Would pay for assembly next time.
HO-10001,2026-08-10,1,Returned the chair but the refund never came through. I will not order again.
HO-10016,2026-08-10,3,Prices are fair compared to the high street. Keep an eye on the sales.
HO-10287,2026-08-10,2,Still waiting for my refund after 5 weeks. I will not order again.
HO-10402,2026-08-10,2,Estimated delivery kept moving back week after week for the chest of drawers. I had to take another day off work.
HO-10453,2026-08-10,2,The app crashes every time I open my basket for the chest of drawers. Very annoying.
HO-10746,2026-08-10,2,Delivery was delayed 7 times without any warning for the coffee table. Please sort out your delivery partner.
HO-10847,2026-08-10,5,"Lovely craftsmanship on the desk, no wobble at all for the desk. Really happy with it."
HO-11137,2026-08-10,1,It took 7 weeks to arrive when the site said 5 days. Please sort out your delivery partner.
HO-10444,2026-08-11,2,Waited all day at home and the van never came for the desk. Really frustrating experience.
HO-10635,2026-08-11,2,Assembly was easy and took about an hour for the dining table. Would pay for assembly next time.
HO-10825,2026-08-11,2,Waited all day at home and the van never came for the bed frame. I had to take another day off work.
HO-10900,2026-08-11,4,"Very comfortable sofa, the fabric feels premium for the dining table. Would buy again."
HO-11140,2026-08-11,1,Returned the chair but the refund never came through for the bookcase. Very poor.
HO-11353,2026-08-11,4,Customer service sorted my problem in one call for the dining table. Great service.
HO-10254,2026-08-12,4,The support team were friendly and quick to reply for the sideboard. Great service.
HO-10339,2026-08-12,3,The courier missed the delivery slot twice for the sofa. Nobody told me why.
HO-10559,2026-08-12,2,My order arrived 2 days later than promised. Please sort out your delivery partner.
HO-10848,2026-08-12,4,Live chat agent arranged a replacement the same day for the coffee table. Really reassuring.
HO-10862,2026-08-12,1,My order arrived 9 days later than promised. Nobody told me why.
HO-10905,2026-08-12,1,The sofa arrived with a torn cushion for the chest of drawers. Clearly packed badly.
HO-10040,2026-08-13,5,Good value for solid wood furniture for the armchair. Keep an eye on the sales.
HO-10163,2026-08-13,2,Assembly was easy and took about an hour. Fine in the end.
HO-10208,2026-08-13,2,Assembly instructions were confusing and missing steps. Needed two people.
HO-10304,2026-08-13,2,They charged a restocking fee nobody mentioned for the chest of drawers. I will not order again.
HO-10464,2026-08-13,5,The bed frame feels solid and well made for the chest of drawers. Would buy again.
HO-10795,2026-08-13,5,The bookcase is heavy and properly built for the sideboard. Worth every penny.
HO-11119,2026-08-13,1,App logged me out and lost my saved items for the desk. Very annoying.
HO-11198,2026-08-13,2,The app crashed during checkout and charged me twice for the desk. Please fix the app.
HO-11329,2026-08-13,5,Customer service sorted my problem in one call for the dining table. Really reassuring.
HO-10294,2026-08-14,5,"Beautiful solid oak dining table, really sturdy for the bookcase. Really happy with it."
HO-10325,2026-08-14,1,Delivery was delayed 8 times without any warning for the sofa. Nobody told me why.
HO-10378,2026-08-14,2,Took 3 hours to put together the wardrobe. Fine in the end.
HO-10435,2026-08-14,1,It took 4 weeks to arrive when the site said 5 days. Really frustrating experience.
HO-10451,2026-08-14,1,Tracking said out for delivery for 6 days straight. Please sort out your delivery partner.
HO-10675,2026-08-14,5,"Great quality wood, much better than flat pack brands for the coffee table. Exactly like the photos."
HO-11061,2026-08-14,3,Website kept showing an error when I tried to pay for the coffee table. Gave up and called instead.
HO-11264,2026-08-14,3,Took 6 hours to put together the wardrobe for the armchair. Fine in the end.
HO-10200,2026-08-15,5,Customer service sorted my problem in one call for the sideboard. Really reassuring.
HO-10408,2026-08-15,3,"Great sale prices, saved a lot on the sofa for the coffee table. Happy overall."
HO-10459,2026-08-15,5,"Great quality wood, much better than flat pack brands for the coffee table. Worth every penny."
HO-10019,2026-08-16,1,The app crashed during checkout and charged me twice for the wardrobe. Had to order on a laptop instead.
HO-10036,2026-08-16,2,Had to chase my refund 3 times by email. I will not order again.
HO-10298,2026-08-16,2,The courier missed the delivery slot twice for the sofa. I had to take another day off work.
HO-10338,2026-08-16,1,My order arrived 5 days later than promised. Nobody told me why.
HO-10493,2026-08-16,3,Took 9 hours to put together the wardrobe for the chest of drawers. Would pay for assembly next time.
HO-10626,2026-08-16,2,Drawer front was chipped right out of the box for the bed frame. Very disappointing for the price.
HO-10766,2026-08-16,1,One of the chair legs was cracked in the box for the sideboard. I had to send it back.
HO-10878,2026-08-16,1,Drawer front was chipped right out of the box for the bed frame. Clearly packed badly.
HO-11016,2026-08-16,2,Still waiting for my refund after 2 weeks for the desk. Eventually sorted but it took far too long.
HO-11105,2026-08-16,4,Took 6 hours to put together the wardrobe for the chest of drawers. Needed two people.
HO-11254,2026-08-16,1,The app crashed during checkout and charged me twice for the armchair. Very annoying.
HO-10115,2026-08-17,1,It took 8 weeks to arrive when the site said 5 days. Nobody told me why.
HO-10209,2026-08-17,4,Bit pricey but the quality justifies it for the coffee table. Happy overall.
HO-10434,2026-08-17,4,Support answered my email within an hour for the bookcase. Great service.
HO-10487,2026-08-17,5,Good value for solid wood furniture for the sofa. Not sure it is worth full price.
HO-11180,2026-08-17,1,The courier missed the delivery slot twice for the coffee table. The table itself is fine once it finally arrived.
HO-10205,2026-08-18,2,Tracking said out for delivery for 6 days straight for the wardrobe. I had to take another day off work.
HO-10400,2026-08-18,2,It took 7 weeks to arrive when the site said 5 days for the bed frame. The table itself is fine once it finally arrived.
HO-10413,2026-08-18,5,Support answered my email within an hour for the sideboard. Made up for the earlier problem.
HO-10550,2026-08-18,2,The diagrams in the manual did not match the parts for the bookcase. A video guide would help.
HO-10930,2026-08-18,4,Expensive for what you get honestly for the wardrobe. Happy overall.
HO-10985,2026-08-18,2,It took 7 weeks to arrive when the site said 5 days for the wardrobe. I had to take another day off work.
HO-11144,2026-08-18,4,"Great sale prices, saved a lot on the sofa for the armchair. Not sure it is worth full price."
HO-11234,2026-08-18,3,A few screws were missing from the assembly pack for the dining table. Fine in the end.
HO-10071,2026-08-19,5,"Lovely craftsmanship on the desk, no wobble at all. Friends keep asking where it is from."
HO-10151,2026-08-19,3,Assembly was easy and took about an hour. A video guide would help.
HO-10174,2026-08-19,3,Assembly instructions were confusing and missing steps. A video guide would help.
HO-10259,2026-08-19,1,The courier missed the delivery slot twice. Really frustrating experience.
HO-10348,2026-08-19,4,Expensive for what you get honestly. Would recommend.
HO-10521,2026-08-19,5,Customer service sorted my problem in one call for the sideboard. Made up for the earlier problem.
HO-10536,2026-08-19,2,It took 9 weeks to arrive when the site said 5 days. Nobody told me why.
HO-10602,2026-08-19,2,It took 5 weeks to arrive when the site said 5 days. The table itself is fine once it finally arrived.
HO-10872,2026-08-19,4,The bed frame feels solid and well made for the wardrobe. Would buy again.
HO-10957,2026-08-19,5,Customer service sorted my problem in one call for the desk. Really reassuring.
HO-11047,2026-08-19,3,Customer service sorted my problem in one call for the desk. Great service.
HO-11134,2026-08-19,4,Expensive for what you get honestly for the sofa. Not sure it is worth full price.
HO-11164,2026-08-19,1,My order arrived 7 days later than promised for the sideboard. Nobody told me why.
HO-11280,2026-08-19,4,"Great quality wood, much better than flat pack brands for the armchair. Really happy with it."
HO-10117,2026-08-20,3,The diagrams in the manual did not match the parts. A video guide would help.
HO-10552,2026-08-20,2,Checkout on the app keeps freezing at payment for the bed frame. Gave up and called instead.
HO-10625,2026-08-20,3,Prices are fair compared to the high street for the armchair. Keep an eye on the sales.
HO-10959,2026-08-20,2,My order arrived 3 days later than promised. Nobody told me why.
HO-11133,2026-08-20,2,Refund took over a month to appear on my card for the coffee table. I will not order again.
HO-10331,2026-08-21,1,Tracking said out for delivery for 9 days straight. Nobody told me why.
HO-10340,2026-08-21,1,The wardrobe door came scratched and dented. Clearly packed badly.
HO-10659,2026-08-21,4,A few screws were missing from the assembly pack for the coffee table. Would pay for assembly next time.
HO-10689,2026-08-21,2,It took 5 weeks to arrive when the site said 5 days. Please sort out your delivery partner.
HO-10704,2026-08-21,2,Delivery was delayed 9 times without any warning for the bed frame. Please sort out your delivery partner.
HO-10889,2026-08-21,3,Good value for solid wood furniture for the coffee table. Happy overall.
HO-11156,2026-08-21,1,They charged a restocking fee nobody mentioned for the bookcase. Eventually sorted but it took far too long.
HO-11250,2026-08-21,1,The wardrobe door came scratched and dented for the bookcase. Very disappointing for the price.
HO-11373,2026-08-21,3,The diagrams in the manual did not match the parts for the coffee table. Needed two people.
HO-10044,2026-08-22,1,They charged a restocking fee nobody mentioned. Eventually sorted but it took far too long.
HO-10075,2026-08-22,1,One of the chair legs was cracked in the box. Very disappointing for the price.
HO-10280,2026-08-22,2,The diagrams in the manual did not match the parts. Would pay for assembly next time.
HO-10492,2026-08-22,2,Estimated delivery kept moving back week after week for the armchair. Really frustrating experience.
HO-10759,2026-08-22,3,Assembly instructions were confusing and missing steps for the wardrobe. Fine in the end.
HO-10991,2026-08-22,4,Sarah in customer care was incredibly helpful for the chest of drawers. Could not ask for more.
HO-11077,2026-08-22,5,Support answered my email within an hour for the armchair. Could not ask for more.
HO-11094,2026-08-22,2,The courier missed the delivery slot twice for the coffee table. Nobody told me why.
HO-11123,2026-08-22,2,Took 7 hours to put together the wardrobe for the chest of drawers. Needed two people.
HO-11201,2026-08-22,5,"Very comfortable sofa, the fabric feels premium for the coffee table. Worth every penny."
HO-10215,2026-08-23,1,Waited all day at home and the van never came. Really frustrating experience.
HO-10398,2026-08-23,4,Bit pricey but the quality justifies it for the armchair. Not sure it is worth full price.
HO-10513,2026-08-23,4,"Great sale prices, saved a lot on the sofa for the armchair. Would recommend."
HO-10801,2026-08-23,1,App logged me out and lost my saved items for the dining table. Very annoying.
HO-11252,2026-08-23,3,"Clear instructions, the bed went together quickly for the armchair. Fine in the end."
HO-11288,2026-08-23,2,Delivery was delayed 3 times without any warning. Nobody told me why.
HO-11300,2026-08-23,1,Delivery was delayed 9 times without any warning for the desk. Really frustrating experience.
HO-11320,2026-08-23,3,Good value for solid wood furniture for the chest of drawers. Not sure it is worth full price.
HO-11328,2026-08-23,1,Tracking said out for delivery for 4 days straight for the bed frame. The table itself is fine once it finally arrived.
HO-10691,2026-08-24,3,"Great sale prices, saved a lot on the sofa for the bed frame. Happy overall."
HO-10928,2026-08-24,1,It took 9 weeks to arrive when the site said 5 days for the armchair. Please sort out your delivery partner.
HO-10118,2026-08-25,4,"Very comfortable sofa, the fabric feels premium. Really happy with it."
HO-10257,2026-08-25,2,App logged me out and lost my saved items. Very annoying.
HO-10381,2026-08-25,3,Bit pricey but the quality justifies it for the sideboard. Not sure it is worth full price.
HO-10560,2026-08-25,1,Still waiting for my refund after 8 weeks. Very poor.
HO-10863,2026-08-25,2,Had to chase my refund 4 times by email for the bookcase. I will not order again.
HO-10915,2026-08-25,1,Had to chase my refund 6 times by email for the dining table. I will not order again.
HO-11287,2026-08-25,2,Delivery was delayed 9 times without any warning. The table itself is fine once it finally arrived.
HO-10002,2026-08-26,2,Refund took over a month to appear on my card. I will not order again.
HO-10191,2026-08-26,4,Customer service sorted my problem in one call for the desk. Could not ask for more.
HO-10524,2026-08-26,5,Bit pricey but the quality justifies it for the armchair. Would recommend.
HO-10542,2026-08-26,1,The courier missed the delivery slot twice for the dining table. I had to take another day off work.
HO-10767,2026-08-26,2,My order arrived 9 days later than promised for the dining table. I had to take another day off work.
HO-10840,2026-08-26,2,The sofa arrived with a torn cushion for the bed frame. Clearly packed badly.
HO-10890,2026-08-26,4,The bed frame feels solid and well made for the bookcase. Exactly like the photos.
HO-10947,2026-08-26,5,The bed frame feels solid and well made for the bookcase. Really happy with it.
HO-11075,2026-08-26,1,Tracking said out for delivery for 6 days straight. I had to take another day off work.
HO-11178,2026-08-26,1,My order arrived 4 days later than promised for the sideboard. Really frustrating experience.
HO-11228,2026-08-26,1,Tracking said out for delivery for 8 days straight. I had to take another day off work.
HO-11347,2026-08-26,2,Refund took over a month to appear on my card for the coffee table. Eventually sorted but it took far too long.
HO-10281,2026-08-27,3,"Clear instructions, the bed went together quickly for the dining table. Would pay for assembly next time."
HO-10496,2026-08-27,1,Delivery was delayed 9 times without any warning for the bed frame. I had to take another day off work.
HO-10984,2026-08-27,1,Tracking said out for delivery for 9 days straight. The table itself is fine once it finally arrived.
HO-11010,2026-08-27,2,My order arrived 6 days later than promised for the chest of drawers. Please sort out your delivery partner.
HO-11035,2026-08-27,3,"Great sale prices, saved a lot on the sofa for the wardrobe. Happy overall."
HO-11265,2026-08-27,1,My order arrived 2 days later than promised. Really frustrating experience.
HO-11356,2026-08-27,2,Tracking said out for delivery for 5 days straight for the sideboard. Nobody told me why.
HO-10315,2026-08-28,1,Estimated delivery kept moving back week after week. The table itself is fine once it finally arrived.
HO-10384,2026-08-28,1,The diagrams in the manual did not match the parts for the sofa. Fine in the end.
HO-10410,2026-08-28,2,A few screws were missing from the assembly pack for the sofa. Needed two people.
HO-10750,2026-08-28,4,"Beautiful solid oak dining table, really sturdy for the dining table. Would buy again."
HO-10921,2026-08-28,4,Support answered my email within an hour for the sofa. Great service.
HO-10976,2026-08-28,3,A few screws were missing from the assembly pack for the desk. A video guide would help.
HO-11296,2026-08-28,2,Tracking said out for delivery for 5 days straight for the wardrobe. Please sort out your delivery partner.
HO-11357,2026-08-28,1,The app crashes every time I open my basket for the dining table. Please fix the app.
HO-10137,2026-08-29,3,Good value for solid wood furniture. Happy overall.
HO-10235,2026-08-29,2,Delivery was delayed 9 times without any warning for the sideboard. Nobody told me why.
HO-10476,2026-08-29,4,Support answered my email within an hour for the desk. Great service.
HO-10546,2026-08-29,3,Assembly instructions were confusing and missing steps for the dining table. A video guide would help.
HO-10594,2026-08-29,2,The courier missed the delivery slot twice for the bed frame. The table itself is fine once it finally arrived.
HO-11021,2026-08-29,3,A few screws were missing from the assembly pack for the coffee table. Fine in the end.
HO-11231,2026-08-29,2,Assembly was easy and took about an hour for the dining table. Fine in the end.
HO-11311,2026-08-29,3,Took 9 hours to put together the wardrobe for the armchair. Needed two people.
HO-10081,2026-08-30,4,"Lovely craftsmanship on the desk, no wobble at all. Worth every penny."
HO-10337,2026-08-30,1,Glass top of the coffee table was shattered on arrival. Very disappointing for the price.
HO-10443,2026-08-30,2,Website kept showing an error when I tried to pay for the bookcase. Very annoying.
HO-10450,2026-08-30,1,The wardrobe door came scratched and dented for the desk. Clearly packed badly.
HO-10548,2026-08-30,1,Still waiting for my refund after 5 weeks. Very poor.
HO-11022,2026-08-30,2,Took 6 hours to put together the wardrobe for the bed frame. Would pay for assembly next time.
HO-11041,2026-08-30,3,Took 8 hours to put together the wardrobe for the dining table. Fine in the end.
HO-11221,2026-08-30,4,"Very comfortable sofa, the fabric feels premium for the sideboard. Friends keep asking where it is from."
HO-11241,2026-08-30,1,Packaging was crushed and the bookshelf was split for the dining table. Still waiting for a replacement part.
HO-11242,2026-08-30,5,Live chat agent arranged a replacement the same day for the sideboard. Made up for the earlier problem.
